{
  "MapName": "DeerIsle_16384.jpg",
  "MapSize": 16384,
  "Dots": [
    {
      "X": 13646.7,
      "Z": 15136,
      "R": 400,
      "A": 0,
      "Y": 0,
      "ColorHex": "#FF000000",
      "Size": 8,
      "Label": "arcticwolf_territories",
      "Name": "HuntingGround"
    },
    {
      "X": 14392,
      "Z": 15485.3,
      "R": 400,
      "A": 0,
      "Y": 0,
      "ColorHex": "#FF000000",
      "Size": 8,
      "Label": "arcticwolf_territories",
      "Name": "HuntingGround"
    },
    {
      "X": 13108,
      "Z": 14490.7,
      "R": 400,
      "A": 0,
      "Y": 0,
      "ColorHex": "#FF000000",
      "Size": 8,
      "Label": "arcticwolf_territories",
      "Name": "HuntingGround"
    },
    {
      "X": 14160,
      "Z": 13708,
      "R": 400,
      "A": 0,
      "Y": 0,
      "ColorHex": "#FF000000",
      "Size": 8,
      "Label": "arcticwolf_territories",
      "Name": "HuntingGround"
    },
    {
      "X": 14925.3,
      "Z": 13974.7,
      "R": 400,
      "A": 0,
      "Y": 0,
      "ColorHex": "#FF000000",
      "Size": 8,
      "Label": "arcticwolf_territories",
      "Name": "HuntingGround"
    },
    {
      "X": 15234.7,
      "Z": 15690.7,
      "R": 300,
      "A": 0,
      "Y": 0,
      "ColorHex": "#FF000000",
      "Size": 8,
      "Label": "arcticwolf_territories",
      "Name": "HuntingGround"
    },
    {
      "X": 13388,
      "Z": 13077.3,
      "R": 400,
      "A": 0,
      "Y": 0,
      "ColorHex": "#FF000000",
      "Size": 8,
      "Label": "arcticwolf_territories",
      "Name": "HuntingGround"
    },
    {
      "X": 13512,
      "Z": 3008,
      "R": 500,
      "A": 0,
      "Y": 0,
      "ColorHex": "#FFFF0000",
      "Size": 12,
      "Label": "bear_territories",
      "Name": "Graze"
    },
    {
      "X": 13216,
      "Z": 2096,
      "R": 300,
      "A": 0,
      "Y": 0,
      "ColorHex": "#FFFF0000",
      "Size": 12,
      "Label": "bear_territories",
      "Name": "Graze"
    },
    {
      "X": 14184,
      "Z": 1400,
      "R": 300,
      "A": 0,
      "Y": 0,
      "ColorHex": "#FFFF0000",
      "Size": 12,
      "Label": "bear_territories",
      "Name": "Graze"
    },
    {
      "X": 12968,
      "Z": 3960,
      "R": 500,
      "A": 0,
      "Y": 0,
      "ColorHex": "#FFFF0000",
      "Size": 12,
      "Label": "bear_territories",
      "Name": "Graze"
    },
    {
      "X": 14696,
      "Z": 2048,
      "R": 300,
      "A": 0,
      "Y": 0,
      "ColorHex": "#FFFF0000",
      "Size": 12,
      "Label": "bear_territories",
      "Name": "Graze"
    },
    {
      "X": 14360,
      "Z": 3576,
      "R": 400,
      "A": 0,
      "Y": 0,
      "ColorHex": "#FFFF0000",
      "Size": 12,
      "Label": "bear_territories",
      "Name": "Graze"
    },
    {
      "X": 6250.7,
      "Z": 11808,
      "R": 300,
      "A": 0,
      "Y": 0,
      "ColorHex": "#FFFF0000",
      "Size": 12,
      "Label": "bear_territories",
      "Name": "Graze"
    },
    {
      "X": 6810.7,
      "Z": 12352,
      "R": 300,
      "A": 0,
      "Y": 0,
      "ColorHex": "#FFFF0000",
      "Size": 12,
      "Label": "bear_territories",
      "Name": "Graze"
    },
    {
      "X": 6149.3,
      "Z": 12437.3,
      "R": 300,
      "A": 0,
      "Y": 0,
      "ColorHex": "#FFFF0000",
      "Size": 12,
      "Label": "bear_territories",
      "Name": "Graze"
    },
    {
      "X": 6394.7,
      "Z": 11141.3,
      "R": 300,
      "A": 0,
      "Y": 0,
      "ColorHex": "#FFFF0000",
      "Size": 12,
      "Label": "bear_territories",
      "Name": "Graze"
    },
    {
      "X": 5488,
      "Z": 10973.4,
      "R": 300,
      "A": 0,
      "Y": 0,
      "ColorHex": "#FFFF0000",
      "Size": 12,
      "Label": "bear_territories",
      "Name": "Graze"
    },
    {
      "X": 6037.3,
      "Z": 10400,
      "R": 300,
      "A": 0,
      "Y": 0,
      "ColorHex": "#FFFF0000",
      "Size": 12,
      "Label": "bear_territories",
      "Name": "Graze"
    },
    {
      "X": 8392,
      "Z": 10381.3,
      "R": 300,
      "A": 0,
      "Y": 0,
      "ColorHex": "#FFFF0000",
      "Size": 12,
      "Label": "bear_territories",
      "Name": "Graze"
    },
    {
      "X": 7677.3,
      "Z": 10277.3,
      "R": 300,
      "A": 0,
      "Y": 0,
      "ColorHex": "#FFFF0000",
      "Size": 12,
      "Label": "bear_territories",
      "Name": "Graze"
    },
    {
      "X": 14320,
      "Z": 5952,
      "R": 400,
      "A": 0,
      "Y": 0,
      "ColorHex": "#FFFF0000",
      "Size": 12,
      "Label": "bear_territories",
      "Name": "Graze"
    },
    {
      "X": 13976,
      "Z": 6792,
      "R": 300,
      "A": 0,
      "Y": 0,
      "ColorHex": "#FFFF0000",
      "Size": 12,
      "Label": "bear_territories",
      "Name": "Graze"
    },
    {
      "X": 13088,
      "Z": 5536,
      "R": 400,
      "A": 0,
      "Y": 0,
      "ColorHex": "#FFFF0000",
      "Size": 12,
      "Label": "bear_territories",
      "Name": "Graze"
    },
    {
      "X": 14584,
      "Z": 2868,
      "R": 300,
      "A": 0,
      "Y": 0,
      "ColorHex": "#FFFF0000",
      "Size": 12,
      "Label": "bear_territories",
      "Name": "Graze"
    },
    {
      "X": 15228,
      "Z": 1452,
      "R": 400,
      "A": 0,
      "Y": 0,
      "ColorHex": "#FFFF0000",
      "Size": 12,
      "Label": "bear_territories",
      "Name": "Graze"
    },
    {
      "X": 12468,
      "Z": 1448,
      "R": 300,
      "A": 0,
      "Y": 0,
      "ColorHex": "#FFFF0000",
      "Size": 12,
      "Label": "bear_territories",
      "Name": "Graze"
    },
    {
      "X": 7640,
      "Z": 11045.3,
      "R": 300,
      "A": 0,
      "Y": 0,
      "ColorHex": "#FFFF0000",
      "Size": 12,
      "Label": "bear_territories",
      "Name": "Graze"
    },
    {
      "X": 8461.3,
      "Z": 11418.7,
      "R": 300,
      "A": 0,
      "Y": 0,
      "ColorHex": "#FFFF0000",
      "Size": 12,
      "Label": "bear_territories",
      "Name": "Graze"
    },
    {
      "X": 6968,
      "Z": 10629.3,
      "R": 400,
      "A": 0,
      "Y": 0,
      "ColorHex": "#FFFF0000",
      "Size": 12,
      "Label": "bear_territories",
      "Name": "Graze"
    },
    {
      "X": 8645.3,
      "Z": 12056,
      "R": 300,
      "A": 0,
      "Y": 0,
      "ColorHex": "#FFFF0000",
      "Size": 12,
      "Label": "bear_territories",
      "Name": "Graze"
    },
    {
      "X": 12560,
      "Z": 2936,
      "R": 400,
      "A": 0,
      "Y": 0,
      "ColorHex": "#FFFF0000",
      "Size": 12,
      "Label": "bear_territories",
      "Name": "Graze"
    },
    {
      "X": 12096,
      "Z": 2160,
      "R": 400,
      "A": 0,
      "Y": 0,
      "ColorHex": "#FFFF0000",
      "Size": 12,
      "Label": "bear_territories",
      "Name": "Graze"
    },
    {
      "X": 13472,
      "Z": 1424,
      "R": 300,
      "A": 0,
      "Y": 0,
      "ColorHex": "#FFFF0000",
      "Size": 12,
      "Label": "bear_territories",
      "Name": "Graze"
    },
    {
      "X": 7688,
      "Z": 12589.3,
      "R": 300,
      "A": 0,
      "Y": 0,
      "ColorHex": "#FFFF0000",
      "Size": 12,
      "Label": "bear_territories",
      "Name": "Graze"
    },
    {
      "X": 4914.7,
      "Z": 11344,
      "R": 300,
      "A": 0,
      "Y": 0,
      "ColorHex": "#FFFF0000",
      "Size": 12,
      "Label": "bear_territories",
      "Name": "Graze"
    },
    {
      "X": 5237.3,
      "Z": 12674.7,
      "R": 300,
      "A": 0,
      "Y": 0,
      "ColorHex": "#FFFF0000",
      "Size": 12,
      "Label": "bear_territories",
      "Name": "Graze"
    },
    {
      "X": 4965.33,
      "Z": 11989.3,
      "R": 300,
      "A": 0,
      "Y": 0,
      "ColorHex": "#FFFF0000",
      "Size": 12,
      "Label": "bear_territories",
      "Name": "Graze"
    },
    {
      "X": 6650.7,
      "Z": 9245.33,
      "R": 300,
      "A": 0,
      "Y": 0,
      "ColorHex": "#FFFF0000",
      "Size": 12,
      "Label": "bear_territories",
      "Name": "Graze"
    },
    {
      "X": 5542.63,
      "Z": 8504,
      "R": 300,
      "A": 0,
      "Y": 0,
      "ColorHex": "#FFFF8040",
      "Size": 8,
      "Label": "cattle_territories",
      "Name": "Rest"
    },
    {
      "X": 6660.92,
      "Z": 8451.65,
      "R": 300,
      "A": 0,
      "Y": 0,
      "ColorHex": "#FFFF8040",
      "Size": 8,
      "Label": "cattle_territories",
      "Name": "Graze"
    },
    {
      "X": 7293.13,
      "Z": 8603.93,
      "R": 300,
      "A": 0,
      "Y": 0,
      "ColorHex": "#FFFF8040",
      "Size": 8,
      "Label": "cattle_territories",
      "Name": "Graze"
    },
    {
      "X": 10269.3,
      "Z": 7882.67,
      "R": 300,
      "A": 0,
      "Y": 0,
      "ColorHex": "#FFFF8040",
      "Size": 8,
      "Label": "cattle_territories",
      "Name": "Rest"
    },
    {
      "X": 7997.33,
      "Z": 9106.67,
      "R": 300,
      "A": 0,
      "Y": 0,
      "ColorHex": "#FFFF8040",
      "Size": 8,
      "Label": "cattle_territories",
      "Name": "Rest"
    },
    {
      "X": 8437.33,
      "Z": 7880,
      "R": 300,
      "A": 0,
      "Y": 0,
      "ColorHex": "#FFFF8040",
      "Size": 8,
      "Label": "cattle_territories",
      "Name": "Rest"
    },
    {
      "X": 9650.67,
      "Z": 9944,
      "R": 300,
      "A": 0,
      "Y": 0,
      "ColorHex": "#FFFF8040",
      "Size": 8,
      "Label": "cattle_territories",
      "Name": "Rest"
    },
    {
      "X": 9076.71,
      "Z": 7071.43,
      "R": 2,
      "A": 0,
      "Y": 0,
      "ColorHex": "#FFFFFF00",
      "Size": 4,
      "Label": "hen_territories",
      "Name": "Zone_hen"
    },
    {
      "X": 9076.71,
      "Z": 7059.43,
      "R": 2,
      "A": 0,
      "Y": 0,
      "ColorHex": "#FFFFFF00",
      "Size": 4,
      "Label": "hen_territories",
      "Name": "Zone_hen"
    },
    {
      "X": 8893.71,
      "Z": 6971.43,
      "R": 2,
      "A": 0,
      "Y": 0,
      "ColorHex": "#FFFFFF00",
      "Size": 4,
      "Label": "hen_territories",
      "Name": "Zone_hen"
    },
    {
      "X": 8858.71,
      "Z": 7022.43,
      "R": 2,
      "A": 0,
      "Y": 0,
      "ColorHex": "#FFFFFF00",
      "Size": 4,
      "Label": "hen_territories",
      "Name": "Zone_hen"
    },
    {
      "X": 8970.71,
      "Z": 7068.43,
      "R": 2,
      "A": 0,
      "Y": 0,
      "ColorHex": "#FFFFFF00",
      "Size": 4,
      "Label": "hen_territories",
      "Name": "Zone_hen"
    },
    {
      "X": 8958.71,
      "Z": 7057.43,
      "R": 2,
      "A": 0,
      "Y": 0,
      "ColorHex": "#FFFFFF00",
      "Size": 4,
      "Label": "hen_territories",
      "Name": "Zone_hen"
    },
    {
      "X": 9003.71,
      "Z": 6950.43,
      "R": 2,
      "A": 0,
      "Y": 0,
      "ColorHex": "#FFFFFF00",
      "Size": 4,
      "Label": "hen_territories",
      "Name": "Zone_hen"
    },
    {
      "X": 9019.71,
      "Z": 6914.43,
      "R": 2,
      "A": 0,
      "Y": 0,
      "ColorHex": "#FFFFFF00",
      "Size": 4,
      "Label": "hen_territories",
      "Name": "Zone_hen"
    },
    {
      "X": 9095.71,
      "Z": 6973.43,
      "R": 2,
      "A": 0,
      "Y": 0,
      "ColorHex": "#FFFFFF00",
      "Size": 4,
      "Label": "hen_territories",
      "Name": "Zone_hen"
    },
    {
      "X": 9048.71,
      "Z": 6953.43,
      "R": 2,
      "A": 0,
      "Y": 0,
      "ColorHex": "#FFFFFF00",
      "Size": 4,
      "Label": "hen_territories",
      "Name": "Zone_hen"
    },
    {
      "X": 9006.71,
      "Z": 7063.43,
      "R": 2,
      "A": 0,
      "Y": 0,
      "ColorHex": "#FFFFFF00",
      "Size": 4,
      "Label": "hen_territories",
      "Name": "Zone_hen"
    },
    {
      "X": 8998.71,
      "Z": 7052.43,
      "R": 2,
      "A": 0,
      "Y": 0,
      "ColorHex": "#FFFFFF00",
      "Size": 4,
      "Label": "hen_territories",
      "Name": "Zone_hen"
    },
    {
      "X": 9136.71,
      "Z": 7052.43,
      "R": 2,
      "A": 0,
      "Y": 0,
      "ColorHex": "#FFFFFF00",
      "Size": 4,
      "Label": "hen_territories",
      "Name": "Zone_hen"
    },
    {
      "X": 9146.71,
      "Z": 7005.43,
      "R": 2,
      "A": 0,
      "Y": 0,
      "ColorHex": "#FFFFFF00",
      "Size": 4,
      "Label": "hen_territories",
      "Name": "Zone_hen"
    },
    {
      "X": 8972.71,
      "Z": 6889.43,
      "R": 2,
      "A": 0,
      "Y": 0,
      "ColorHex": "#FFFFFF00",
      "Size": 4,
      "Label": "hen_territories",
      "Name": "Zone_hen"
    },
    {
      "X": 8954.71,
      "Z": 6957.43,
      "R": 2,
      "A": 0,
      "Y": 0,
      "ColorHex": "#FFFFFF00",
      "Size": 4,
      "Label": "hen_territories",
      "Name": "Zone_hen"
    },
    {
      "X": 8957.71,
      "Z": 7101.43,
      "R": 2,
      "A": 0,
      "Y": 0,
      "ColorHex": "#FFFFFF00",
      "Size": 4,
      "Label": "hen_territories",
      "Name": "Zone_hen"
    },
    {
      "X": 8973.71,
      "Z": 7104.43,
      "R": 2,
      "A": 0,
      "Y": 0,
      "ColorHex": "#FFFFFF00",
      "Size": 4,
      "Label": "hen_territories",
      "Name": "Zone_hen"
    },
    {
      "X": 9056.71,
      "Z": 7066.43,
      "R": 2,
      "A": 0,
      "Y": 0,
      "ColorHex": "#FFFFFF00",
      "Size": 4,
      "Label": "hen_territories",
      "Name": "Zone_hen"
    },
    {
      "X": 9048.71,
      "Z": 7053.43,
      "R": 2,
      "A": 0,
      "Y": 0,
      "ColorHex": "#FFFFFF00",
      "Size": 4,
      "Label": "hen_territories",
      "Name": "Zone_hen"
    },
    {
      "X": 9007.71,
      "Z": 7096.43,
      "R": 2,
      "A": 0,
      "Y": 0,
      "ColorHex": "#FFFFFF00",
      "Size": 4,
      "Label": "hen_territories",
      "Name": "Zone_hen"
    },
    {
      "X": 9022.71,
      "Z": 7095.43,
      "R": 2,
      "A": 0,
      "Y": 0,
      "ColorHex": "#FFFFFF00",
      "Size": 4,
      "Label": "hen_territories",
      "Name": "Zone_hen"
    },
    {
      "X": 2520,
      "Z": 13972,
      "R": 75,
      "A": 0,
      "Y": 0,
      "ColorHex": "#FFFFFF00",
      "Size": 4,
      "Label": "hen_territories",
      "Name": "Zone_hen"
    },
    {
      "X": 3048,
      "Z": 13484,
      "R": 75,
      "A": 0,
      "Y": 0,
      "ColorHex": "#FFFFFF00",
      "Size": 4,
      "Label": "hen_territories",
      "Name": "Zone_hen"
    },
    {
      "X": 2644,
      "Z": 14804,
      "R": 75,
      "A": 0,
      "Y": 0,
      "ColorHex": "#FFFFFF00",
      "Size": 4,
      "Label": "hen_territories",
      "Name": "Zone_hen"
    },
    {
      "X": 8870.71,
      "Z": 7092.43,
      "R": 2,
      "A": 0,
      "Y": 0,
      "ColorHex": "#FFFFFF00",
      "Size": 4,
      "Label": "hen_territories",
      "Name": "Zone_hen"
    },
    {
      "X": 9096.71,
      "Z": 7106.43,
      "R": 2,
      "A": 0,
      "Y": 0,
      "ColorHex": "#FFFFFF00",
      "Size": 4,
      "Label": "hen_territories",
      "Name": "Zone_hen"
    },
    {
      "X": 10176,
      "Z": 5440,
      "R": 50,
      "A": 0,
      "Y": 0,
      "ColorHex": "#FFFFFF00",
      "Size": 4,
      "Label": "hen_territories",
      "Name": "Zone_hen"
    },
    {
      "X": 10244,
      "Z": 4896,
      "R": 50,
      "A": 0,
      "Y": 0,
      "ColorHex": "#FFFFFF00",
      "Size": 4,
      "Label": "hen_territories",
      "Name": "Zone_hen"
    },
    {
      "X": 9844,
      "Z": 4536,
      "R": 50,
      "A": 0,
      "Y": 0,
      "ColorHex": "#FFFFFF00",
      "Size": 4,
      "Label": "hen_territories",
      "Name": "Zone_hen"
    },
    {
      "X": 10380,
      "Z": 4352,
      "R": 50,
      "A": 0,
      "Y": 0,
      "ColorHex": "#FFFFFF00",
      "Size": 4,
      "Label": "hen_territories",
      "Name": "Zone_hen"
    },
    {
      "X": 3034.5,
      "Z": 10599,
      "R": 82.5,
      "A": 0,
      "Y": 0,
      "ColorHex": "#FFFFFF00",
      "Size": 4,
      "Label": "hen_territories",
      "Name": "Zone_hen"
    },
    {
      "X": 1705,
      "Z": 11267.8,
      "R": 75,
      "A": 0,
      "Y": 0,
      "ColorHex": "#FFFFFF00",
      "Size": 4,
      "Label": "hen_territories",
      "Name": "Zone_hen"
    },
    {
      "X": 525.091,
      "Z": 12292.4,
      "R": 50,
      "A": 0,
      "Y": 0,
      "ColorHex": "#FFFFFF00",
      "Size": 4,
      "Label": "hen_territories",
      "Name": "Zone_hen"
    },
    {
      "X": 1542.4,
      "Z": 12160,
      "R": 50,
      "A": 0,
      "Y": 0,
      "ColorHex": "#FFFFFF00",
      "Size": 4,
      "Label": "hen_territories",
      "Name": "Zone_hen"
    },
    {
      "X": 656.8,
      "Z": 11978.4,
      "R": 50,
      "A": 0,
      "Y": 0,
      "ColorHex": "#FFFFFF00",
      "Size": 4,
      "Label": "hen_territories",
      "Name": "Zone_hen"
    },
    {
      "X": 9102.71,
      "Z": 7078.43,
      "R": 2,
      "A": 0,
      "Y": 0,
      "ColorHex": "#FFFFFF00",
      "Size": 4,
      "Label": "hen_territories",
      "Name": "Zone_hen"
    },
    {
      "X": 9097.71,
      "Z": 7066.43,
      "R": 2,
      "A": 0,
      "Y": 0,
      "ColorHex": "#FFFFFF00",
      "Size": 4,
      "Label": "hen_territories",
      "Name": "Zone_hen"
    },
    {
      "X": 8996.71,
      "Z": 7008.43,
      "R": 2,
      "A": 0,
      "Y": 0,
      "ColorHex": "#FFFFFF00",
      "Size": 4,
      "Label": "hen_territories",
      "Name": "Zone_hen"
    },
    {
      "X": 9004.71,
      "Z": 7016.43,
      "R": 2,
      "A": 0,
      "Y": 0,
      "ColorHex": "#FFFFFF00",
      "Size": 4,
      "Label": "hen_territories",
      "Name": "Zone_hen"
    },
    {
      "X": 5244,
      "Z": 12292,
      "R": 50,
      "A": 0,
      "Y": 0,
      "ColorHex": "#FFFFFF00",
      "Size": 4,
      "Label": "hen_territories",
      "Name": "Zone_hen"
    },
    {
      "X": 5316,
      "Z": 12452,
      "R": 50,
      "A": 0,
      "Y": 0,
      "ColorHex": "#FFFFFF00",
      "Size": 4,
      "Label": "hen_territories",
      "Name": "Zone_hen"
    },
    {
      "X": 5260,
      "Z": 12608,
      "R": 50,
      "A": 0,
      "Y": 0,
      "ColorHex": "#FFFFFF00",
      "Size": 4,
      "Label": "hen_territories",
      "Name": "Zone_hen"
    },
    {
      "X": 9077.71,
      "Z": 7016.43,
      "R": 2,
      "A": 0,
      "Y": 0,
      "ColorHex": "#FFFFFF00",
      "Size": 4,
      "Label": "hen_territories",
      "Name": "Zone_hen"
    },
    {
      "X": 9082.71,
      "Z": 7028.43,
      "R": 2,
      "A": 0,
      "Y": 0,
      "ColorHex": "#FFFFFF00",
      "Size": 4,
      "Label": "hen_territories",
      "Name": "Zone_hen"
    },
    {
      "X": 9039.71,
      "Z": 7022.43,
      "R": 2,
      "A": 0,
      "Y": 0,
      "ColorHex": "#FFFFFF00",
      "Size": 4,
      "Label": "hen_territories",
      "Name": "Zone_hen"
    },
    {
      "X": 9046.71,
      "Z": 7017.43,
      "R": 2,
      "A": 0,
      "Y": 0,
      "ColorHex": "#FFFFFF00",
      "Size": 4,
      "Label": "hen_territories",
      "Name": "Zone_hen"
    },
    {
      "X": 9692,
      "Z": 4152,
      "R": 50,
      "A": 0,
      "Y": 0,
      "ColorHex": "#FFFFFF00",
      "Size": 4,
      "Label": "hen_territories",
      "Name": "Zone_hen"
    },
    {
      "X": 8692,
      "Z": 4268,
      "R": 50,
      "A": 0,
      "Y": 0,
      "ColorHex": "#FFFFFF00",
      "Size": 4,
      "Label": "hen_territories",
      "Name": "Zone_hen"
    },
    {
      "X": 8584,
      "Z": 3928,
      "R": 50,
      "A": 0,
      "Y": 0,
      "ColorHex": "#FFFFFF00",
      "Size": 4,
      "Label": "hen_territories",
      "Name": "Zone_hen"
    },
    {
      "X": 10324,
      "Z": 3996,
      "R": 50,
      "A": 0,
      "Y": 0,
      "ColorHex": "#FFFFFF00",
      "Size": 4,
      "Label": "hen_territories",
      "Name": "Zone_hen"
    },
    {
      "X": 9032.71,
      "Z": 7064.43,
      "R": 2,
      "A": 0,
      "Y": 0,
      "ColorHex": "#FFFFFF00",
      "Size": 4,
      "Label": "hen_territories",
      "Name": "Zone_hen"
    },
    {
      "X": 9025.71,
      "Z": 7052.43,
      "R": 2,
      "A": 0,
      "Y": 0,
      "ColorHex": "#FFFFFF00",
      "Size": 4,
      "Label": "hen_territories",
      "Name": "Zone_hen"
    },
    {
      "X": 9072.71,
      "Z": 7100.43,
      "R": 2,
      "A": 0,
      "Y": 0,
      "ColorHex": "#FFFFFF00",
      "Size": 4,
      "Label": "hen_territories",
      "Name": "Zone_hen"
    },
    {
      "X": 9047.71,
      "Z": 7096.43,
      "R": 2,
      "A": 0,
      "Y": 0,
      "ColorHex": "#FFFFFF00",
      "Size": 4,
      "Label": "hen_territories",
      "Name": "Zone_hen"
    },
    {
      "X": 11477.3,
      "Z": 8106.67,
      "R": 300,
      "A": 0,
      "Y": 0,
      "ColorHex": "#FFFF80C0",
      "Size": 10,
      "Label": "pig_territories",
      "Name": "Graze"
    },
    {
      "X": 11229.3,
      "Z": 9072,
      "R": 300,
      "A": 0,
      "Y": 0,
      "ColorHex": "#FFFF80C0",
      "Size": 10,
      "Label": "pig_territories",
      "Name": "Graze"
    },
    {
      "X": 10760,
      "Z": 7922.67,
      "R": 300,
      "A": 0,
      "Y": 0,
      "ColorHex": "#FFFF80C0",
      "Size": 10,
      "Label": "pig_territories",
      "Name": "Graze"
    },
    {
      "X": 9314.67,
      "Z": 7602.67,
      "R": 300,
      "A": 0,
      "Y": 0,
      "ColorHex": "#FFFF80C0",
      "Size": 10,
      "Label": "pig_territories",
      "Name": "Graze"
    },
    {
      "X": 8556.32,
      "Z": 9345.7,
      "R": 200,
      "A": 0,
      "Y": 0,
      "ColorHex": "#FFFF80C0",
      "Size": 10,
      "Label": "pig_territories",
      "Name": "Water"
    },
    {
      "X": 8977.44,
      "Z": 9544.78,
      "R": 200,
      "A": 0,
      "Y": 0,
      "ColorHex": "#FFFF80C0",
      "Size": 10,
      "Label": "pig_territories",
      "Name": "Graze"
    },
    {
      "X": 8797.18,
      "Z": 9985.81,
      "R": 200,
      "A": 0,
      "Y": 0,
      "ColorHex": "#FFFF80C0",
      "Size": 10,
      "Label": "pig_territories",
      "Name": "Graze"
    },
    {
      "X": 8912.27,
      "Z": 8645.21,
      "R": 200,
      "A": 0,
      "Y": 0,
      "ColorHex": "#FFFF80C0",
      "Size": 10,
      "Label": "pig_territories",
      "Name": "Graze"
    },
    {
      "X": 8977.56,
      "Z": 9102.51,
      "R": 200,
      "A": 0,
      "Y": 0,
      "ColorHex": "#FFFF80C0",
      "Size": 10,
      "Label": "pig_territories",
      "Name": "Rest"
    },
    {
      "X": 8004.7,
      "Z": 8640.29,
      "R": 200,
      "A": 0,
      "Y": 0,
      "ColorHex": "#FFFF80C0",
      "Size": 10,
      "Label": "pig_territories",
      "Name": "Rest"
    },
    {
      "X": 10117.6,
      "Z": 6758.35,
      "R": 200,
      "A": 0,
      "Y": 0,
      "ColorHex": "#FFFF80C0",
      "Size": 10,
      "Label": "pig_territories",
      "Name": "Water"
    },
    {
      "X": 7085.82,
      "Z": 6035.22,
      "R": 200,
      "A": 0,
      "Y": 0,
      "ColorHex": "#FFFF80C0",
      "Size": 10,
      "Label": "pig_territories",
      "Name": "Graze"
    },
    {
      "X": 7239.86,
      "Z": 5505.4,
      "R": 200,
      "A": 0,
      "Y": 0,
      "ColorHex": "#FFFF80C0",
      "Size": 10,
      "Label": "pig_territories",
      "Name": "Graze"
    },
    {
      "X": 12776.6,
      "Z": 5663.3,
      "R": 400,
      "A": 0,
      "Y": 0,
      "ColorHex": "#FFFF80C0",
      "Size": 10,
      "Label": "pig_territories",
      "Name": "Graze"
    },
    {
      "X": 8492.53,
      "Z": 5316.65,
      "R": 200,
      "A": 0,
      "Y": 0,
      "ColorHex": "#FFFF80C0",
      "Size": 10,
      "Label": "pig_territories",
      "Name": "Rest"
    },
    {
      "X": 10872.4,
      "Z": 7017.15,
      "R": 300,
      "A": 0,
      "Y": 0,
      "ColorHex": "#FFFF80C0",
      "Size": 10,
      "Label": "pig_territories",
      "Name": "Rest"
    },
    {
      "X": 6333.25,
      "Z": 7348.87,
      "R": 200,
      "A": 0,
      "Y": 0,
      "ColorHex": "#FFFF80C0",
      "Size": 10,
      "Label": "pig_territories",
      "Name": "Water"
    },
    {
      "X": 4924.34,
      "Z": 7819.17,
      "R": 200,
      "A": 0,
      "Y": 0,
      "ColorHex": "#FFFF80C0",
      "Size": 10,
      "Label": "pig_territories",
      "Name": "Graze"
    },
    {
      "X": 5765.34,
      "Z": 7898.67,
      "R": 200,
      "A": 0,
      "Y": 0,
      "ColorHex": "#FFFF80C0",
      "Size": 10,
      "Label": "pig_territories",
      "Name": "Graze"
    },
    {
      "X": 5177.81,
      "Z": 7366.67,
      "R": 200,
      "A": 0,
      "Y": 0,
      "ColorHex": "#FFFF80C0",
      "Size": 10,
      "Label": "pig_territories",
      "Name": "Rest"
    },
    {
      "X": 5348.27,
      "Z": 7771.62,
      "R": 200,
      "A": 0,
      "Y": 0,
      "ColorHex": "#FFFF80C0",
      "Size": 10,
      "Label": "pig_territories",
      "Name": "Rest"
    },
    {
      "X": 8785.1,
      "Z": 5030.74,
      "R": 200,
      "A": 0,
      "Y": 0,
      "ColorHex": "#FFFF80C0",
      "Size": 10,
      "Label": "pig_territories",
      "Name": "Water"
    },
    {
      "X": 8883.1,
      "Z": 5976.33,
      "R": 200,
      "A": 0,
      "Y": 0,
      "ColorHex": "#FFFF80C0",
      "Size": 10,
      "Label": "pig_territories",
      "Name": "Graze"
    },
    {
      "X": 10567,
      "Z": 4502.59,
      "R": 200,
      "A": 0,
      "Y": 0,
      "ColorHex": "#FFFF80C0",
      "Size": 10,
      "Label": "pig_territories",
      "Name": "Graze"
    },
    {
      "X": 10405.4,
      "Z": 5464.71,
      "R": 200,
      "A": 0,
      "Y": 0,
      "ColorHex": "#FFFF80C0",
      "Size": 10,
      "Label": "pig_territories",
      "Name": "Graze"
    },
    {
      "X": 10101.9,
      "Z": 4470.04,
      "R": 200,
      "A": 0,
      "Y": 0,
      "ColorHex": "#FFFF80C0",
      "Size": 10,
      "Label": "pig_territories",
      "Name": "Rest"
    },
    {
      "X": 8971.8,
      "Z": 5230.23,
      "R": 200,
      "A": 0,
      "Y": 0,
      "ColorHex": "#FFFF80C0",
      "Size": 10,
      "Label": "pig_territories",
      "Name": "Rest"
    },
    {
      "X": 15373.7,
      "Z": 13786.3,
      "R": 400,
      "A": 0,
      "Y": 0,
      "ColorHex": "#FF80FFFF",
      "Size": 8,
      "Label": "polarbear_territories",
      "Name": "Graze"
    },
    {
      "X": 14976,
      "Z": 13113.7,
      "R": 400,
      "A": 0,
      "Y": 0,
      "ColorHex": "#FF80FFFF",
      "Size": 8,
      "Label": "polarbear_territories",
      "Name": "Graze"
    },
    {
      "X": 13040.7,
      "Z": 13517,
      "R": 400,
      "A": 0,
      "Y": 0,
      "ColorHex": "#FF80FFFF",
      "Size": 8,
      "Label": "polarbear_territories",
      "Name": "Graze"
    },
    {
      "X": 13920,
      "Z": 12787,
      "R": 400,
      "A": 0,
      "Y": 0,
      "ColorHex": "#FF80FFFF",
      "Size": 8,
      "Label": "polarbear_territories",
      "Name": "Graze"
    },
    {
      "X": 13385.7,
      "Z": 14646.7,
      "R": 400,
      "A": 0,
      "Y": 0,
      "ColorHex": "#FF80FFFF",
      "Size": 8,
      "Label": "polarbear_territories",
      "Name": "Graze"
    },
    {
      "X": 13854,
      "Z": 15698.3,
      "R": 400,
      "A": 0,
      "Y": 0,
      "ColorHex": "#FF80FFFF",
      "Size": 8,
      "Label": "polarbear_territories",
      "Name": "Graze"
    },
    {
      "X": 14690,
      "Z": 15452,
      "R": 400,
      "A": 0,
      "Y": 0,
      "ColorHex": "#FF80FFFF",
      "Size": 8,
      "Label": "polarbear_territories",
      "Name": "Graze"
    },
    {
      "X": 8034.67,
      "Z": 7874.67,
      "R": 400,
      "A": 0,
      "Y": 0,
      "ColorHex": "#FF00FF80",
      "Size": 8,
      "Label": "red_deer_territories",
      "Name": "Graze"
    },
    {
      "X": 9894.67,
      "Z": 7938.67,
      "R": 400,
      "A": 0,
      "Y": 0,
      "ColorHex": "#FF00FF80",
      "Size": 8,
      "Label": "red_deer_territories",
      "Name": "Graze"
    },
    {
      "X": 8861.33,
      "Z": 7758.67,
      "R": 400,
      "A": 0,
      "Y": 0,
      "ColorHex": "#FF00FF80",
      "Size": 8,
      "Label": "red_deer_territories",
      "Name": "Graze"
    },
    {
      "X": 9476,
      "Z": 7133.33,
      "R": 400,
      "A": 0,
      "Y": 0,
      "ColorHex": "#FF00FF80",
      "Size": 8,
      "Label": "red_deer_territories",
      "Name": "Graze"
    },
    {
      "X": 1122.67,
      "Z": 15208,
      "R": 500,
      "A": 0,
      "Y": 0,
      "ColorHex": "#FF00FF80",
      "Size": 8,
      "Label": "red_deer_territories",
      "Name": "Graze"
    },
    {
      "X": 644,
      "Z": 11733.3,
      "R": 500,
      "A": 0,
      "Y": 0,
      "ColorHex": "#FF00FF80",
      "Size": 8,
      "Label": "red_deer_territories",
      "Name": "Graze"
    },
    {
      "X": 6538.67,
      "Z": 4797.33,
      "R": 500,
      "A": 0,
      "Y": 0,
      "ColorHex": "#FF00FF80",
      "Size": 8,
      "Label": "red_deer_territories",
      "Name": "Graze"
    },
    {
      "X": 6195.35,
      "Z": 11929.1,
      "R": 400,
      "A": 0,
      "Y": 0,
      "ColorHex": "#FF00FF80",
      "Size": 8,
      "Label": "red_deer_territories",
      "Name": "Graze"
    },
    {
      "X": 8035.7,
      "Z": 10567.4,
      "R": 400,
      "A": 0,
      "Y": 0,
      "ColorHex": "#FF00FF80",
      "Size": 8,
      "Label": "red_deer_territories",
      "Name": "Graze"
    },
    {
      "X": 7132.07,
      "Z": 10639.9,
      "R": 400,
      "A": 0,
      "Y": 0,
      "ColorHex": "#FF00FF80",
      "Size": 8,
      "Label": "red_deer_territories",
      "Name": "Rest"
    },
    {
      "X": 6451.51,
      "Z": 11147.2,
      "R": 400,
      "A": 0,
      "Y": 0,
      "ColorHex": "#FF00FF80",
      "Size": 8,
      "Label": "red_deer_territories",
      "Name": "Water"
    },
    {
      "X": 8189.03,
      "Z": 9704.5,
      "R": 400,
      "A": 0,
      "Y": 0,
      "ColorHex": "#FF00FF80",
      "Size": 8,
      "Label": "red_deer_territories",
      "Name": "Graze"
    },
    {
      "X": 5113.5,
      "Z": 8508.67,
      "R": 400,
      "A": 0,
      "Y": 0,
      "ColorHex": "#FF00FF80",
      "Size": 8,
      "Label": "red_deer_territories",
      "Name": "Graze"
    },
    {
      "X": 5876.17,
      "Z": 9271.66,
      "R": 400,
      "A": 0,
      "Y": 0,
      "ColorHex": "#FF00FF80",
      "Size": 8,
      "Label": "red_deer_territories",
      "Name": "Water"
    },
    {
      "X": 6261.34,
      "Z": 8535.01,
      "R": 400,
      "A": 0,
      "Y": 0,
      "ColorHex": "#FF00FF80",
      "Size": 8,
      "Label": "red_deer_territories",
      "Name": "Rest"
    },
    {
      "X": 4325.02,
      "Z": 4813.58,
      "R": 300,
      "A": 0,
      "Y": 0,
      "ColorHex": "#FF00FF80",
      "Size": 8,
      "Label": "red_deer_territories",
      "Name": "Graze"
    },
    {
      "X": 3133.32,
      "Z": 5882.15,
      "R": 300,
      "A": 0,
      "Y": 0,
      "ColorHex": "#FF00FF80",
      "Size": 8,
      "Label": "red_deer_territories",
      "Name": "Graze"
    },
    {
      "X": 3635.52,
      "Z": 4700.38,
      "R": 300,
      "A": 0,
      "Y": 0,
      "ColorHex": "#FF00FF80",
      "Size": 8,
      "Label": "red_deer_territories",
      "Name": "Graze"
    },
    {
      "X": 3870.62,
      "Z": 5332.72,
      "R": 300,
      "A": 0,
      "Y": 0,
      "ColorHex": "#FF00FF80",
      "Size": 8,
      "Label": "red_deer_territories",
      "Name": "Graze"
    },
    {
      "X": 4627,
      "Z": 6064.58,
      "R": 300,
      "A": 0,
      "Y": 0,
      "ColorHex": "#FF00FF80",
      "Size": 8,
      "Label": "red_deer_territories",
      "Name": "Water"
    },
    {
      "X": 5213.85,
      "Z": 5283.92,
      "R": 300,
      "A": 0,
      "Y": 0,
      "ColorHex": "#FF00FF80",
      "Size": 8,
      "Label": "red_deer_territories",
      "Name": "Rest"
    },
    {
      "X": 4546.65,
      "Z": 5415.92,
      "R": 300,
      "A": 0,
      "Y": 0,
      "ColorHex": "#FF00FF80",
      "Size": 8,
      "Label": "red_deer_territories",
      "Name": "Rest"
    },
    {
      "X": 3903.43,
      "Z": 6033.5,
      "R": 300,
      "A": 0,
      "Y": 0,
      "ColorHex": "#FF00FF80",
      "Size": 8,
      "Label": "red_deer_territories",
      "Name": "Graze"
    },
    {
      "X": 4067.5,
      "Z": 6755.67,
      "R": 400,
      "A": 0,
      "Y": 0,
      "ColorHex": "#FF00FF80",
      "Size": 8,
      "Label": "red_deer_territories",
      "Name": "Graze"
    },
    {
      "X": 3194.83,
      "Z": 6615.17,
      "R": 400,
      "A": 0,
      "Y": 0,
      "ColorHex": "#FF00FF80",
      "Size": 8,
      "Label": "red_deer_territories",
      "Name": "Graze"
    },
    {
      "X": 4901.17,
      "Z": 6776.17,
      "R": 400,
      "A": 0,
      "Y": 0,
      "ColorHex": "#FF00FF80",
      "Size": 8,
      "Label": "red_deer_territories",
      "Name": "Rest"
    },
    {
      "X": 3513.67,
      "Z": 7456.5,
      "R": 400,
      "A": 0,
      "Y": 0,
      "ColorHex": "#FF00FF80",
      "Size": 8,
      "Label": "red_deer_territories",
      "Name": "Rest"
    },
    {
      "X": 4363.17,
      "Z": 7545.67,
      "R": 400,
      "A": 0,
      "Y": 0,
      "ColorHex": "#FF00FF80",
      "Size": 8,
      "Label": "red_deer_territories",
      "Name": "Rest"
    },
    {
      "X": 9028,
      "Z": 3600,
      "R": 300,
      "A": 0,
      "Y": 0,
      "ColorHex": "#FF00FF80",
      "Size": 8,
      "Label": "red_deer_territories",
      "Name": "Rest"
    },
    {
      "X": 9604,
      "Z": 3332,
      "R": 300,
      "A": 0,
      "Y": 0,
      "ColorHex": "#FF00FF80",
      "Size": 8,
      "Label": "red_deer_territories",
      "Name": "Graze"
    },
    {
      "X": 9584,
      "Z": 3973.33,
      "R": 300,
      "A": 0,
      "Y": 0,
      "ColorHex": "#FF00FF80",
      "Size": 8,
      "Label": "red_deer_territories",
      "Name": "Graze"
    },
    {
      "X": 8824,
      "Z": 4213.33,
      "R": 300,
      "A": 0,
      "Y": 0,
      "ColorHex": "#FF00FF80",
      "Size": 8,
      "Label": "red_deer_territories",
      "Name": "Graze"
    },
    {
      "X": 8168,
      "Z": 4264,
      "R": 300,
      "A": 0,
      "Y": 0,
      "ColorHex": "#FF00FF80",
      "Size": 8,
      "Label": "red_deer_territories",
      "Name": "Graze"
    },
    {
      "X": 10096.9,
      "Z": 11969.2,
      "R": 400,
      "A": 0,
      "Y": 0,
      "ColorHex": "#FF00FF80",
      "Size": 8,
      "Label": "red_deer_territories",
      "Name": "Graze"
    },
    {
      "X": 9113.83,
      "Z": 10855.3,
      "R": 400,
      "A": 0,
      "Y": 0,
      "ColorHex": "#FF00FF80",
      "Size": 8,
      "Label": "red_deer_territories",
      "Name": "Graze"
    },
    {
      "X": 10750.3,
      "Z": 11353,
      "R": 400,
      "A": 0,
      "Y": 0,
      "ColorHex": "#FF00FF80",
      "Size": 8,
      "Label": "red_deer_territories",
      "Name": "Graze"
    },
    {
      "X": 9929.82,
      "Z": 11153.3,
      "R": 400,
      "A": 0,
      "Y": 0,
      "ColorHex": "#FF00FF80",
      "Size": 8,
      "Label": "red_deer_territories",
      "Name": "Graze"
    },
    {
      "X": 10545.1,
      "Z": 10541.5,
      "R": 400,
      "A": 0,
      "Y": 0,
      "ColorHex": "#FF00FF80",
      "Size": 8,
      "Label": "red_deer_territories",
      "Name": "Graze"
    },
    {
      "X": 9596.5,
      "Z": 12642,
      "R": 400,
      "A": 0,
      "Y": 0,
      "ColorHex": "#FF00FF80",
      "Size": 8,
      "Label": "red_deer_territories",
      "Name": "Rest"
    },
    {
      "X": 9264,
      "Z": 11768.3,
      "R": 400,
      "A": 0,
      "Y": 0,
      "ColorHex": "#FF00FF80",
      "Size": 8,
      "Label": "red_deer_territories",
      "Name": "Rest"
    },
    {
      "X": 5938.19,
      "Z": 6062.17,
      "R": 300,
      "A": 0,
      "Y": 0,
      "ColorHex": "#FF00FF80",
      "Size": 8,
      "Label": "red_deer_territories",
      "Name": "Water"
    },
    {
      "X": 6509.33,
      "Z": 5772.53,
      "R": 300,
      "A": 0,
      "Y": 0,
      "ColorHex": "#FF00FF80",
      "Size": 8,
      "Label": "red_deer_territories",
      "Name": "Graze"
    },
    {
      "X": 5883.34,
      "Z": 5441.3,
      "R": 300,
      "A": 0,
      "Y": 0,
      "ColorHex": "#FF00FF80",
      "Size": 8,
      "Label": "red_deer_territories",
      "Name": "Graze"
    },
    {
      "X": 5256.74,
      "Z": 5999.71,
      "R": 300,
      "A": 0,
      "Y": 0,
      "ColorHex": "#FF00FF80",
      "Size": 8,
      "Label": "red_deer_territories",
      "Name": "Rest"
    },
    {
      "X": 7596.1,
      "Z": 6050.06,
      "R": 200,
      "A": 0,
      "Y": 0,
      "ColorHex": "#FF00FF80",
      "Size": 8,
      "Label": "red_deer_territories",
      "Name": "Rest"
    },
    {
      "X": 4701.01,
      "Z": 4022.84,
      "R": 400,
      "A": 0,
      "Y": 0,
      "ColorHex": "#FF00FF80",
      "Size": 8,
      "Label": "red_deer_territories",
      "Name": "Graze"
    },
    {
      "X": 4781.83,
      "Z": 3137.5,
      "R": 400,
      "A": 0,
      "Y": 0,
      "ColorHex": "#FF00FF80",
      "Size": 8,
      "Label": "red_deer_territories",
      "Name": "Graze"
    },
    {
      "X": 6187.66,
      "Z": 3029.5,
      "R": 400,
      "A": 0,
      "Y": 0,
      "ColorHex": "#FF00FF80",
      "Size": 8,
      "Label": "red_deer_territories",
      "Name": "Rest"
    },
    {
      "X": 5557.67,
      "Z": 4271.5,
      "R": 400,
      "A": 0,
      "Y": 0,
      "ColorHex": "#FF00FF80",
      "Size": 8,
      "Label": "red_deer_territories",
      "Name": "Graze"
    },
    {
      "X": 5446.5,
      "Z": 2590.67,
      "R": 400,
      "A": 0,
      "Y": 0,
      "ColorHex": "#FF00FF80",
      "Size": 8,
      "Label": "red_deer_territories",
      "Name": "Rest"
    },
    {
      "X": 6311.17,
      "Z": 3832.83,
      "R": 400,
      "A": 0,
      "Y": 0,
      "ColorHex": "#FF00FF80",
      "Size": 8,
      "Label": "red_deer_territories",
      "Name": "Rest"
    },
    {
      "X": 5360.84,
      "Z": 12846.5,
      "R": 500,
      "A": 0,
      "Y": 0,
      "ColorHex": "#FF00FF80",
      "Size": 8,
      "Label": "red_deer_territories",
      "Name": "Graze"
    },
    {
      "X": 6409,
      "Z": 12862.4,
      "R": 500,
      "A": 0,
      "Y": 0,
      "ColorHex": "#FF00FF80",
      "Size": 8,
      "Label": "red_deer_territories",
      "Name": "Graze"
    },
    {
      "X": 7438.16,
      "Z": 12770.7,
      "R": 500,
      "A": 0,
      "Y": 0,
      "ColorHex": "#FF00FF80",
      "Size": 8,
      "Label": "red_deer_territories",
      "Name": "Graze"
    },
    {
      "X": 10718.7,
      "Z": 2258.67,
      "R": 300,
      "A": 0,
      "Y": 0,
      "ColorHex": "#FF00FF80",
      "Size": 8,
      "Label": "red_deer_territories",
      "Name": "Rest"
    },
    {
      "X": 10396,
      "Z": 2852,
      "R": 300,
      "A": 0,
      "Y": 0,
      "ColorHex": "#FF00FF80",
      "Size": 8,
      "Label": "red_deer_territories",
      "Name": "Graze"
    },
    {
      "X": 11056,
      "Z": 2964,
      "R": 300,
      "A": 0,
      "Y": 0,
      "ColorHex": "#FF00FF80",
      "Size": 8,
      "Label": "red_deer_territories",
      "Name": "Rest"
    },
    {
      "X": 10088,
      "Z": 2236,
      "R": 300,
      "A": 0,
      "Y": 0,
      "ColorHex": "#FF00FF80",
      "Size": 8,
      "Label": "red_deer_territories",
      "Name": "Rest"
    },
    {
      "X": 4528,
      "Z": 11238.7,
      "R": 400,
      "A": 0,
      "Y": 0,
      "ColorHex": "#FF00FF80",
      "Size": 8,
      "Label": "red_deer_territories",
      "Name": "Graze"
    },
    {
      "X": 5326.67,
      "Z": 11653.3,
      "R": 400,
      "A": 0,
      "Y": 0,
      "ColorHex": "#FF00FF80",
      "Size": 8,
      "Label": "red_deer_territories",
      "Name": "Graze"
    },
    {
      "X": 5260,
      "Z": 9954.7,
      "R": 400,
      "A": 0,
      "Y": 0,
      "ColorHex": "#FF00FF80",
      "Size": 8,
      "Label": "red_deer_territories",
      "Name": "Graze"
    },
    {
      "X": 6176,
      "Z": 10076,
      "R": 400,
      "A": 0,
      "Y": 0,
      "ColorHex": "#FF00FF80",
      "Size": 8,
      "Label": "red_deer_territories",
      "Name": "Graze"
    },
    {
      "X": 4676,
      "Z": 12230.7,
      "R": 400,
      "A": 0,
      "Y": 0,
      "ColorHex": "#FF00FF80",
      "Size": 8,
      "Label": "red_deer_territories",
      "Name": "Graze"
    },
    {
      "X": 5648,
      "Z": 10774.7,
      "R": 400,
      "A": 0,
      "Y": 0,
      "ColorHex": "#FF00FF80",
      "Size": 8,
      "Label": "red_deer_territories",
      "Name": "Graze"
    },
    {
      "X": 4672,
      "Z": 2005.33,
      "R": 500,
      "A": 0,
      "Y": 0,
      "ColorHex": "#FF008000",
      "Size": 8,
      "Label": "roe_deer_territories",
      "Name": "Graze"
    },
    {
      "X": 3856,
      "Z": 3013.33,
      "R": 400,
      "A": 0,
      "Y": 0,
      "ColorHex": "#FF008000",
      "Size": 8,
      "Label": "roe_deer_territories",
      "Name": "Graze"
    },
    {
      "X": 4048,
      "Z": 3802.67,
      "R": 400,
      "A": 0,
      "Y": 0,
      "ColorHex": "#FF008000",
      "Size": 8,
      "Label": "roe_deer_territories",
      "Name": "Graze"
    },
    {
      "X": 4154.33,
      "Z": 8393.34,
      "R": 400,
      "A": 0,
      "Y": 0,
      "ColorHex": "#FF008000",
      "Size": 8,
      "Label": "roe_deer_territories",
      "Name": "Graze"
    },
    {
      "X": 2427.67,
      "Z": 7314.66,
      "R": 400,
      "A": 0,
      "Y": 0,
      "ColorHex": "#FF008000",
      "Size": 8,
      "Label": "roe_deer_territories",
      "Name": "Graze"
    },
    {
      "X": 3192.33,
      "Z": 7376,
      "R": 300,
      "A": 0,
      "Y": 0,
      "ColorHex": "#FF008000",
      "Size": 8,
      "Label": "roe_deer_territories",
      "Name": "Rest"
    },
    {
      "X": 5712.05,
      "Z": 6997.56,
      "R": 400,
      "A": 0,
      "Y": 0,
      "ColorHex": "#FF008000",
      "Size": 8,
      "Label": "roe_deer_territories",
      "Name": "Rest"
    },
    {
      "X": 4008,
      "Z": 7160.5,
      "R": 400,
      "A": 0,
      "Y": 0,
      "ColorHex": "#FF008000",
      "Size": 8,
      "Label": "roe_deer_territories",
      "Name": "Rest"
    },
    {
      "X": 10260.2,
      "Z": 5182.03,
      "R": 400,
      "A": 0,
      "Y": 0,
      "ColorHex": "#FF008000",
      "Size": 8,
      "Label": "roe_deer_territories",
      "Name": "Graze"
    },
    {
      "X": 9651.53,
      "Z": 5549.83,
      "R": 400,
      "A": 0,
      "Y": 0,
      "ColorHex": "#FF008000",
      "Size": 8,
      "Label": "roe_deer_territories",
      "Name": "Graze"
    },
    {
      "X": 9751.73,
      "Z": 4717.33,
      "R": 400,
      "A": 0,
      "Y": 0,
      "ColorHex": "#FF008000",
      "Size": 8,
      "Label": "roe_deer_territories",
      "Name": "Graze"
    },
    {
      "X": 8421,
      "Z": 12289.8,
      "R": 400,
      "A": 0,
      "Y": 0,
      "ColorHex": "#FF008000",
      "Size": 8,
      "Label": "roe_deer_territories",
      "Name": "Graze"
    },
    {
      "X": 8805.64,
      "Z": 13084.4,
      "R": 400,
      "A": 0,
      "Y": 0,
      "ColorHex": "#FF008000",
      "Size": 8,
      "Label": "roe_deer_territories",
      "Name": "Graze"
    },
    {
      "X": 8455.07,
      "Z": 11475.2,
      "R": 400,
      "A": 0,
      "Y": 0,
      "ColorHex": "#FF008000",
      "Size": 8,
      "Label": "roe_deer_territories",
      "Name": "Rest"
    },
    {
      "X": 7694.86,
      "Z": 11838.2,
      "R": 400,
      "A": 0,
      "Y": 0,
      "ColorHex": "#FF008000",
      "Size": 8,
      "Label": "roe_deer_territories",
      "Name": "Water"
    },
    {
      "X": 12718.5,
      "Z": 3590.28,
      "R": 400,
      "A": 0,
      "Y": 0,
      "ColorHex": "#FF008000",
      "Size": 8,
      "Label": "roe_deer_territories",
      "Name": "Graze"
    },
    {
      "X": 11252.8,
      "Z": 3048.87,
      "R": 400,
      "A": 0,
      "Y": 0,
      "ColorHex": "#FF008000",
      "Size": 8,
      "Label": "roe_deer_territories",
      "Name": "Graze"
    },
    {
      "X": 12278.8,
      "Z": 2798.78,
      "R": 400,
      "A": 0,
      "Y": 0,
      "ColorHex": "#FF008000",
      "Size": 8,
      "Label": "roe_deer_territories",
      "Name": "Graze"
    },
    {
      "X": 10445.4,
      "Z": 2472.36,
      "R": 400,
      "A": 0,
      "Y": 0,
      "ColorHex": "#FF008000",
      "Size": 8,
      "Label": "roe_deer_territories",
      "Name": "Rest"
    },
    {
      "X": 11895.4,
      "Z": 2022.28,
      "R": 400,
      "A": 0,
      "Y": 0,
      "ColorHex": "#FF008000",
      "Size": 8,
      "Label": "roe_deer_territories",
      "Name": "Rest"
    },
    {
      "X": 10170.7,
      "Z": 6592,
      "R": 300,
      "A": 0,
      "Y": 0,
      "ColorHex": "#FF008000",
      "Size": 8,
      "Label": "roe_deer_territories",
      "Name": "Graze"
    },
    {
      "X": 10698.7,
      "Z": 6218.67,
      "R": 300,
      "A": 0,
      "Y": 0,
      "ColorHex": "#FF008000",
      "Size": 8,
      "Label": "roe_deer_territories",
      "Name": "Graze"
    },
    {
      "X": 9061.33,
      "Z": 7301.33,
      "R": 300,
      "A": 0,
      "Y": 0,
      "ColorHex": "#FF008000",
      "Size": 8,
      "Label": "roe_deer_territories",
      "Name": "Graze"
    },
    {
      "X": 9664,
      "Z": 7072,
      "R": 300,
      "A": 0,
      "Y": 0,
      "ColorHex": "#FF008000",
      "Size": 8,
      "Label": "roe_deer_territories",
      "Name": "Graze"
    },
    {
      "X": 7468,
      "Z": 4848,
      "R": 300,
      "A": 0,
      "Y": 0,
      "ColorHex": "#FF008000",
      "Size": 8,
      "Label": "roe_deer_territories",
      "Name": "Graze"
    },
    {
      "X": 6872,
      "Z": 3372,
      "R": 300,
      "A": 0,
      "Y": 0,
      "ColorHex": "#FF008000",
      "Size": 8,
      "Label": "roe_deer_territories",
      "Name": "Graze"
    },
    {
      "X": 7600,
      "Z": 3324,
      "R": 300,
      "A": 0,
      "Y": 0,
      "ColorHex": "#FF008000",
      "Size": 8,
      "Label": "roe_deer_territories",
      "Name": "Graze"
    },
    {
      "X": 7228,
      "Z": 4012,
      "R": 400,
      "A": 0,
      "Y": 0,
      "ColorHex": "#FF008000",
      "Size": 8,
      "Label": "roe_deer_territories",
      "Name": "Graze"
    },
    {
      "X": 2729.33,
      "Z": 13729.3,
      "R": 400,
      "A": 0,
      "Y": 0,
      "ColorHex": "#FF8000FF",
      "Size": 8,
      "Label": "sheep_goat_territories",
      "Name": "Graze"
    },
    {
      "X": 2593.33,
      "Z": 14853.4,
      "R": 300,
      "A": 0,
      "Y": 0,
      "ColorHex": "#FF8000FF",
      "Size": 8,
      "Label": "sheep_goat_territories",
      "Name": "Graze"
    },
    {
      "X": 2704,
      "Z": 12736,
      "R": 300,
      "A": 0,
      "Y": 0,
      "ColorHex": "#FF8000FF",
      "Size": 8,
      "Label": "sheep_goat_territories",
      "Name": "Graze"
    },
    {
      "X": 2106.67,
      "Z": 12224,
      "R": 300,
      "A": 0,
      "Y": 0,
      "ColorHex": "#FF8000FF",
      "Size": 8,
      "Label": "sheep_goat_territories",
      "Name": "Graze"
    },
    {
      "X": 3861.33,
      "Z": 13440,
      "R": 300,
      "A": 0,
      "Y": 0,
      "ColorHex": "#FF8000FF",
      "Size": 8,
      "Label": "sheep_goat_territories",
      "Name": "Graze"
    },
    {
      "X": 2464,
      "Z": 10784,
      "R": 300,
      "A": 0,
      "Y": 0,
      "ColorHex": "#FF8000FF",
      "Size": 8,
      "Label": "sheep_goat_territories",
      "Name": "Graze"
    },
    {
      "X": 997.333,
      "Z": 12544,
      "R": 300,
      "A": 0,
      "Y": 0,
      "ColorHex": "#FF8000FF",
      "Size": 8,
      "Label": "sheep_goat_territories",
      "Name": "Graze"
    },
    {
      "X": 1002.67,
      "Z": 11029.3,
      "R": 300,
      "A": 0,
      "Y": 0,
      "ColorHex": "#FF8000FF",
      "Size": 8,
      "Label": "sheep_goat_territories",
      "Name": "Graze"
    },
    {
      "X": 1482.67,
      "Z": 15045.3,
      "R": 300,
      "A": 0,
      "Y": 0,
      "ColorHex": "#FF8000FF",
      "Size": 8,
      "Label": "sheep_goat_territories",
      "Name": "Graze"
    },
    {
      "X": 1602,
      "Z": 15672,
      "R": 300,
      "A": 0,
      "Y": 0,
      "ColorHex": "#FFFF0080",
      "Size": 14,
      "Label": "wild_boar_territories",
      "Name": "Graze"
    },
    {
      "X": 912,
      "Z": 15228,
      "R": 300,
      "A": 0,
      "Y": 0,
      "ColorHex": "#FFFF0080",
      "Size": 14,
      "Label": "wild_boar_territories",
      "Name": "Graze"
    },
    {
      "X": 9560.06,
      "Z": 9869.71,
      "R": 400,
      "A": 0,
      "Y": 0,
      "ColorHex": "#FFFF0080",
      "Size": 14,
      "Label": "wild_boar_territories",
      "Name": "Graze"
    },
    {
      "X": 8595.89,
      "Z": 8869.4,
      "R": 400,
      "A": 0,
      "Y": 0,
      "ColorHex": "#FFFF0080",
      "Size": 14,
      "Label": "wild_boar_territories",
      "Name": "Rest"
    },
    {
      "X": 9490.3,
      "Z": 8930.8,
      "R": 400,
      "A": 0,
      "Y": 0,
      "ColorHex": "#FFFF0080",
      "Size": 14,
      "Label": "wild_boar_territories",
      "Name": "Graze"
    },
    {
      "X": 7096,
      "Z": 7224,
      "R": 500,
      "A": 0,
      "Y": 0,
      "ColorHex": "#FFFF0080",
      "Size": 14,
      "Label": "wild_boar_territories",
      "Name": "Graze"
    },
    {
      "X": 2920.75,
      "Z": 8144,
      "R": 400,
      "A": 0,
      "Y": 0,
      "ColorHex": "#FFFF0080",
      "Size": 14,
      "Label": "wild_boar_territories",
      "Name": "Graze"
    },
    {
      "X": 2164.3,
      "Z": 8618.71,
      "R": 400,
      "A": 0,
      "Y": 0,
      "ColorHex": "#FFFF0080",
      "Size": 14,
      "Label": "wild_boar_territories",
      "Name": "Rest"
    },
    {
      "X": 2920,
      "Z": 9021.67,
      "R": 400,
      "A": 0,
      "Y": 0,
      "ColorHex": "#FFFF0080",
      "Size": 14,
      "Label": "wild_boar_territories",
      "Name": "Rest"
    },
    {
      "X": 9336,
      "Z": 5452,
      "R": 300,
      "A": 0,
      "Y": 0,
      "ColorHex": "#FFFF0080",
      "Size": 14,
      "Label": "wild_boar_territories",
      "Name": "Rest"
    },
    {
      "X": 9196,
      "Z": 4828,
      "R": 300,
      "A": 0,
      "Y": 0,
      "ColorHex": "#FFFF0080",
      "Size": 14,
      "Label": "wild_boar_territories",
      "Name": "Rest"
    },
    {
      "X": 5972.27,
      "Z": 8948.8,
      "R": 300,
      "A": 0,
      "Y": 0,
      "ColorHex": "#FFFFFFFF",
      "Size": 12,
      "Label": "wolf_territories",
      "Name": "HuntingGround"
    },
    {
      "X": 7448.27,
      "Z": 9296.3,
      "R": 300,
      "A": 0,
      "Y": 0,
      "ColorHex": "#FFFFFFFF",
      "Size": 12,
      "Label": "wolf_territories",
      "Name": "HuntingGround"
    },
    {
      "X": 8821.33,
      "Z": 10845.3,
      "R": 300,
      "A": 0,
      "Y": 0,
      "ColorHex": "#FFFFFFFF",
      "Size": 12,
      "Label": "wolf_territories",
      "Name": "HuntingGround"
    },
    {
      "X": 4784,
      "Z": 10544,
      "R": 300,
      "A": 0,
      "Y": 0,
      "ColorHex": "#FFFFFFFF",
      "Size": 12,
      "Label": "wolf_territories",
      "Name": "HuntingGround"
    },
    {
      "X": 8572,
      "Z": 5266.7,
      "R": 250,
      "A": 0,
      "Y": 0,
      "ColorHex": "#FFFFFFFF",
      "Size": 12,
      "Label": "wolf_territories",
      "Name": "HuntingGround"
    },
    {
      "X": 9798.67,
      "Z": 5076,
      "R": 250,
      "A": 0,
      "Y": 0,
      "ColorHex": "#FFFFFFFF",
      "Size": 12,
      "Label": "wolf_territories",
      "Name": "HuntingGround"
    },
    {
      "X": 5888,
      "Z": 13334.7,
      "R": 300,
      "A": 0,
      "Y": 0,
      "ColorHex": "#FFFFFFFF",
      "Size": 12,
      "Label": "wolf_territories",
      "Name": "HuntingGround"
    },
    {
      "X": 7078.67,
      "Z": 13656,
      "R": 400,
      "A": 0,
      "Y": 0,
      "ColorHex": "#FFFFFFFF",
      "Size": 12,
      "Label": "wolf_territories",
      "Name": "HuntingGround"
    },
    {
      "X": 3829.33,
      "Z": 9728,
      "R": 300,
      "A": 0,
      "Y": 0,
      "ColorHex": "#FFFFFFFF",
      "Size": 12,
      "Label": "wolf_territories",
      "Name": "HuntingGround"
    },
    {
      "X": 4548,
      "Z": 9046.67,
      "R": 400,
      "A": 0,
      "Y": 0,
      "ColorHex": "#FFFFFFFF",
      "Size": 12,
      "Label": "wolf_territories",
      "Name": "HuntingGround"
    },
    {
      "X": 3581.33,
      "Z": 8284,
      "R": 300,
      "A": 0,
      "Y": 0,
      "ColorHex": "#FFFFFFFF",
      "Size": 12,
      "Label": "wolf_territories",
      "Name": "HuntingGround"
    },
    {
      "X": 12658.7,
      "Z": 2418.66,
      "R": 300,
      "A": 0,
      "Y": 0,
      "ColorHex": "#FFFFFFFF",
      "Size": 12,
      "Label": "wolf_territories",
      "Name": "HuntingGround"
    },
    {
      "X": 13618.6,
      "Z": 2714.67,
      "R": 300,
      "A": 0,
      "Y": 0,
      "ColorHex": "#FFFFFFFF",
      "Size": 12,
      "Label": "wolf_territories",
      "Name": "HuntingGround"
    },
    {
      "X": 12556,
      "Z": 1948,
      "R": 300,
      "A": 0,
      "Y": 0,
      "ColorHex": "#FFFFFFFF",
      "Size": 12,
      "Label": "wolf_territories",
      "Name": "HuntingGround"
    },
    {
      "X": 13080,
      "Z": 2720,
      "R": 300,
      "A": 0,
      "Y": 0,
      "ColorHex": "#FFFFFFFF",
      "Size": 12,
      "Label": "wolf_territories",
      "Name": "HuntingGround"
    },
    {
      "X": 11702.7,
      "Z": 8084,
      "R": 200,
      "A": 0,
      "Y": 0,
      "ColorHex": "#FFFFFFFF",
      "Size": 12,
      "Label": "wolf_territories",
      "Name": "HuntingGround"
    },
    {
      "X": 12748,
      "Z": 7241.3,
      "R": 300,
      "A": 0,
      "Y": 0,
      "ColorHex": "#FFFFFFFF",
      "Size": 12,
      "Label": "wolf_territories",
      "Name": "HuntingGround"
    },
    {
      "X": 13334.7,
      "Z": 6434.7,
      "R": 300,
      "A": 0,
      "Y": 0,
      "ColorHex": "#FFFFFFFF",
      "Size": 12,
      "Label": "wolf_territories",
      "Name": "HuntingGround"
    }
  ]
}