[
  {
    "X": 14272,
    "Z": 4372,
    "ColorHex": "#FFFF0000",
    "Size": 15,
    "Label": "bear_territories"
  },
  {
    "X": 15852,
    "Z": 988,
    "ColorHex": "#FFFF0000",
    "Size": 15,
    "Label": "bear_territories"
  },
  {
    "X": 12468,
    "Z": 1448,
    "ColorHex": "#FFFF0000",
    "Size": 15,
    "Label": "bear_territories"
  },
  {
    "X": 10496,
    "Z": 2821.3,
    "ColorHex": "#FFFF0000",
    "Size": 15,
    "Label": "bear_territories"
  },
  {
    "X": 10362.7,
    "Z": 2335.97,
    "ColorHex": "#FFFF0000",
    "Size": 15,
    "Label": "bear_territories"
  },
  {
    "X": 11861.3,
    "Z": 2762.7,
    "ColorHex": "#FFFF0000",
    "Size": 15,
    "Label": "bear_territories"
  },
  {
    "X": 9613.33,
    "Z": 1221.3,
    "ColorHex": "#FFFF0000",
    "Size": 15,
    "Label": "bear_territories"
  },
  {
    "X": 11282.7,
    "Z": 2973.33,
    "ColorHex": "#FFFF0000",
    "Size": 15,
    "Label": "bear_territories"
  },
  {
    "X": 6512,
    "Z": 9141.34,
    "ColorHex": "#FFFF0000",
    "Size": 15,
    "Label": "bear_territories"
  },
  {
    "X": 8597.3,
    "Z": 11370.7,
    "ColorHex": "#FFFF0000",
    "Size": 15,
    "Label": "bear_territories"
  },
  {
    "X": 5944,
    "Z": 10381.3,
    "ColorHex": "#FFFF0000",
    "Size": 15,
    "Label": "bear_territories"
  },
  {
    "X": 8973.3,
    "Z": 12664,
    "ColorHex": "#FFFF0000",
    "Size": 15,
    "Label": "bear_territories"
  },
  {
    "X": 14792,
    "Z": 2016,
    "ColorHex": "#FFFF0000",
    "Size": 15,
    "Label": "bear_territories"
  },
  {
    "X": 14120,
    "Z": 3680,
    "ColorHex": "#FFFF0000",
    "Size": 15,
    "Label": "bear_territories"
  },
  {
    "X": 12552,
    "Z": 2928,
    "ColorHex": "#FFFF0000",
    "Size": 15,
    "Label": "bear_territories"
  },
  {
    "X": 8514.25,
    "Z": 15807.6,
    "ColorHex": "#FFFF0000",
    "Size": 15,
    "Label": "bear_territories"
  },
  {
    "X": 8362.7,
    "Z": 12232,
    "ColorHex": "#FFFF0000",
    "Size": 15,
    "Label": "bear_territories"
  },
  {
    "X": 4906.7,
    "Z": 12560,
    "ColorHex": "#FFFF0000",
    "Size": 15,
    "Label": "bear_territories"
  },
  {
    "X": 4317.3,
    "Z": 10837.3,
    "ColorHex": "#FFFF0000",
    "Size": 15,
    "Label": "bear_territories"
  },
  {
    "X": 7306.7,
    "Z": 10101.3,
    "ColorHex": "#FFFF0000",
    "Size": 15,
    "Label": "bear_territories"
  },
  {
    "X": 13512,
    "Z": 3008,
    "ColorHex": "#FFFF0000",
    "Size": 15,
    "Label": "bear_territories"
  },
  {
    "X": 13216,
    "Z": 2096,
    "ColorHex": "#FFFF0000",
    "Size": 15,
    "Label": "bear_territories"
  },
  {
    "X": 14184,
    "Z": 1400,
    "ColorHex": "#FFFF0000",
    "Size": 15,
    "Label": "bear_territories"
  },
  {
    "X": 12864,
    "Z": 3816,
    "ColorHex": "#FFFF0000",
    "Size": 15,
    "Label": "bear_territories"
  },
  {
    "X": 15360,
    "Z": 1408,
    "ColorHex": "#FFFF0000",
    "Size": 15,
    "Label": "bear_territories"
  },
  {
    "X": 14480,
    "Z": 2968,
    "ColorHex": "#FFFF0000",
    "Size": 15,
    "Label": "bear_territories"
  },
  {
    "X": 13272,
    "Z": 4512,
    "ColorHex": "#FFFF0000",
    "Size": 15,
    "Label": "bear_territories"
  },
  {
    "X": 12096,
    "Z": 2160,
    "ColorHex": "#FFFF0000",
    "Size": 15,
    "Label": "bear_territories"
  },
  {
    "X": 13472,
    "Z": 1424,
    "ColorHex": "#FFFF0000",
    "Size": 15,
    "Label": "bear_territories"
  },
  {
    "X": 4656,
    "Z": 5173.37,
    "ColorHex": "#FFFF0000",
    "Size": 15,
    "Label": "bear_territories"
  },
  {
    "X": 4949.3,
    "Z": 5920.03,
    "ColorHex": "#FFFF0000",
    "Size": 15,
    "Label": "bear_territories"
  },
  {
    "X": 5792,
    "Z": 4469.33,
    "ColorHex": "#FFFF0000",
    "Size": 15,
    "Label": "bear_territories"
  },
  {
    "X": 6181.3,
    "Z": 5821.3,
    "ColorHex": "#FFFF0000",
    "Size": 15,
    "Label": "bear_territories"
  },
  {
    "X": 10480.9,
    "Z": 11337.2,
    "ColorHex": "#FF00FF00",
    "Size": 12,
    "Label": "deer_territories"
  },
  {
    "X": 9241.83,
    "Z": 10815.3,
    "ColorHex": "#FF00FF00",
    "Size": 12,
    "Label": "deer_territories"
  },
  {
    "X": 10606.3,
    "Z": 11049,
    "ColorHex": "#FF00FF00",
    "Size": 12,
    "Label": "deer_territories"
  },
  {
    "X": 9793.82,
    "Z": 11041.3,
    "ColorHex": "#FF00FF00",
    "Size": 12,
    "Label": "deer_territories"
  },
  {
    "X": 10481.1,
    "Z": 10693.5,
    "ColorHex": "#FF00FF00",
    "Size": 12,
    "Label": "deer_territories"
  },
  {
    "X": 10276.5,
    "Z": 11650,
    "ColorHex": "#FF00FF00",
    "Size": 12,
    "Label": "deer_territories"
  },
  {
    "X": 9608,
    "Z": 10760.3,
    "ColorHex": "#FF00FF00",
    "Size": 12,
    "Label": "deer_territories"
  },
  {
    "X": 9172,
    "Z": 3504,
    "ColorHex": "#FF00FF00",
    "Size": 12,
    "Label": "deer_territories"
  },
  {
    "X": 9604,
    "Z": 3388,
    "ColorHex": "#FF00FF00",
    "Size": 12,
    "Label": "deer_territories"
  },
  {
    "X": 9872,
    "Z": 3749.33,
    "ColorHex": "#FF00FF00",
    "Size": 12,
    "Label": "deer_territories"
  },
  {
    "X": 9456,
    "Z": 3925.33,
    "ColorHex": "#FF00FF00",
    "Size": 12,
    "Label": "deer_territories"
  },
  {
    "X": 9008,
    "Z": 3920,
    "ColorHex": "#FF00FF00",
    "Size": 12,
    "Label": "deer_territories"
  },
  {
    "X": 5218.67,
    "Z": 5021.33,
    "ColorHex": "#FF00FF00",
    "Size": 12,
    "Label": "deer_territories"
  },
  {
    "X": 4917.01,
    "Z": 4046.84,
    "ColorHex": "#FF00FF00",
    "Size": 12,
    "Label": "deer_territories"
  },
  {
    "X": 4917.83,
    "Z": 3457.5,
    "ColorHex": "#FF00FF00",
    "Size": 12,
    "Label": "deer_territories"
  },
  {
    "X": 5987.66,
    "Z": 3245.5,
    "ColorHex": "#FF00FF00",
    "Size": 12,
    "Label": "deer_territories"
  },
  {
    "X": 6037.67,
    "Z": 4047.5,
    "ColorHex": "#FF00FF00",
    "Size": 12,
    "Label": "deer_territories"
  },
  {
    "X": 5302.5,
    "Z": 2894.67,
    "ColorHex": "#FF00FF00",
    "Size": 12,
    "Label": "deer_territories"
  },
  {
    "X": 5631.17,
    "Z": 4336.83,
    "ColorHex": "#FF00FF00",
    "Size": 12,
    "Label": "deer_territories"
  },
  {
    "X": 5850.19,
    "Z": 6070.17,
    "ColorHex": "#FF00FF00",
    "Size": 12,
    "Label": "deer_territories"
  },
  {
    "X": 6453.33,
    "Z": 5908.53,
    "ColorHex": "#FF00FF00",
    "Size": 12,
    "Label": "deer_territories"
  },
  {
    "X": 5939.34,
    "Z": 5561.3,
    "ColorHex": "#FF00FF00",
    "Size": 12,
    "Label": "deer_territories"
  },
  {
    "X": 5304.74,
    "Z": 5783.71,
    "ColorHex": "#FF00FF00",
    "Size": 12,
    "Label": "deer_territories"
  },
  {
    "X": 7596.1,
    "Z": 6050.06,
    "ColorHex": "#FF00FF00",
    "Size": 12,
    "Label": "deer_territories"
  },
  {
    "X": 978.667,
    "Z": 15216,
    "ColorHex": "#FF00FF00",
    "Size": 12,
    "Label": "deer_territories"
  },
  {
    "X": 1060,
    "Z": 12533.3,
    "ColorHex": "#FF00FF00",
    "Size": 12,
    "Label": "deer_territories"
  },
  {
    "X": 4352,
    "Z": 11446.7,
    "ColorHex": "#FF00FF00",
    "Size": 12,
    "Label": "deer_territories"
  },
  {
    "X": 4678.67,
    "Z": 11357.3,
    "ColorHex": "#FF00FF00",
    "Size": 12,
    "Label": "deer_territories"
  },
  {
    "X": 4804,
    "Z": 11754.7,
    "ColorHex": "#FF00FF00",
    "Size": 12,
    "Label": "deer_territories"
  },
  {
    "X": 4992,
    "Z": 12204,
    "ColorHex": "#FF00FF00",
    "Size": 12,
    "Label": "deer_territories"
  },
  {
    "X": 4876,
    "Z": 11982.7,
    "ColorHex": "#FF00FF00",
    "Size": 12,
    "Label": "deer_territories"
  },
  {
    "X": 4656,
    "Z": 12398.7,
    "ColorHex": "#FF00FF00",
    "Size": 12,
    "Label": "deer_territories"
  },
  {
    "X": 4344,
    "Z": 11724,
    "ColorHex": "#FF00FF00",
    "Size": 12,
    "Label": "deer_territories"
  },
  {
    "X": 4075.5,
    "Z": 6603.67,
    "ColorHex": "#FF00FF00",
    "Size": 12,
    "Label": "deer_territories"
  },
  {
    "X": 4202.83,
    "Z": 6935.17,
    "ColorHex": "#FF00FF00",
    "Size": 12,
    "Label": "deer_territories"
  },
  {
    "X": 3853.17,
    "Z": 6504.17,
    "ColorHex": "#FF00FF00",
    "Size": 12,
    "Label": "deer_territories"
  },
  {
    "X": 3841.67,
    "Z": 6792.5,
    "ColorHex": "#FF00FF00",
    "Size": 12,
    "Label": "deer_territories"
  },
  {
    "X": 3907.17,
    "Z": 7001.67,
    "ColorHex": "#FF00FF00",
    "Size": 12,
    "Label": "deer_territories"
  },
  {
    "X": 5889.5,
    "Z": 8660.67,
    "ColorHex": "#FF00FF00",
    "Size": 12,
    "Label": "deer_territories"
  },
  {
    "X": 5716.17,
    "Z": 9055.66,
    "ColorHex": "#FF00FF00",
    "Size": 12,
    "Label": "deer_territories"
  },
  {
    "X": 5741.34,
    "Z": 8847.01,
    "ColorHex": "#FF00FF00",
    "Size": 12,
    "Label": "deer_territories"
  },
  {
    "X": 3925.02,
    "Z": 4989.58,
    "ColorHex": "#FF00FF00",
    "Size": 12,
    "Label": "deer_territories"
  },
  {
    "X": 3757.32,
    "Z": 5258.15,
    "ColorHex": "#FF00FF00",
    "Size": 12,
    "Label": "deer_territories"
  },
  {
    "X": 3659.52,
    "Z": 4972.38,
    "ColorHex": "#FF00FF00",
    "Size": 12,
    "Label": "deer_territories"
  },
  {
    "X": 4118.62,
    "Z": 5500.72,
    "ColorHex": "#FF00FF00",
    "Size": 12,
    "Label": "deer_territories"
  },
  {
    "X": 4243,
    "Z": 5680.58,
    "ColorHex": "#FF00FF00",
    "Size": 12,
    "Label": "deer_territories"
  },
  {
    "X": 3901.85,
    "Z": 5435.92,
    "ColorHex": "#FF00FF00",
    "Size": 12,
    "Label": "deer_territories"
  },
  {
    "X": 4034.65,
    "Z": 5271.92,
    "ColorHex": "#FF00FF00",
    "Size": 12,
    "Label": "deer_territories"
  },
  {
    "X": 4511.43,
    "Z": 5761.5,
    "ColorHex": "#FF00FF00",
    "Size": 12,
    "Label": "deer_territories"
  },
  {
    "X": 6264.84,
    "Z": 13310.5,
    "ColorHex": "#FF00FF00",
    "Size": 12,
    "Label": "deer_territories"
  },
  {
    "X": 5953,
    "Z": 13574.4,
    "ColorHex": "#FF00FF00",
    "Size": 12,
    "Label": "deer_territories"
  },
  {
    "X": 6654.16,
    "Z": 14202.7,
    "ColorHex": "#FF00FF00",
    "Size": 12,
    "Label": "deer_territories"
  },
  {
    "X": 6235.35,
    "Z": 11817.1,
    "ColorHex": "#FF00FF00",
    "Size": 12,
    "Label": "deer_territories"
  },
  {
    "X": 7747.7,
    "Z": 10591.4,
    "ColorHex": "#FF00FF00",
    "Size": 12,
    "Label": "deer_territories"
  },
  {
    "X": 7004.07,
    "Z": 10735.9,
    "ColorHex": "#FF00FF00",
    "Size": 12,
    "Label": "deer_territories"
  },
  {
    "X": 6467.51,
    "Z": 11099.2,
    "ColorHex": "#FF00FF00",
    "Size": 12,
    "Label": "deer_territories"
  },
  {
    "X": 8405.03,
    "Z": 10648.5,
    "ColorHex": "#FF00FF00",
    "Size": 12,
    "Label": "deer_territories"
  },
  {
    "X": 8690.67,
    "Z": 7930.67,
    "ColorHex": "#FF00FF00",
    "Size": 12,
    "Label": "deer_territories"
  },
  {
    "X": 9214.67,
    "Z": 7858.67,
    "ColorHex": "#FF00FF00",
    "Size": 12,
    "Label": "deer_territories"
  },
  {
    "X": 9005.33,
    "Z": 8054.67,
    "ColorHex": "#FF00FF00",
    "Size": 12,
    "Label": "deer_territories"
  },
  {
    "X": 9140,
    "Z": 7557.33,
    "ColorHex": "#FF00FF00",
    "Size": 12,
    "Label": "deer_territories"
  },
  {
    "X": 11342.7,
    "Z": 2842.67,
    "ColorHex": "#FF00FF00",
    "Size": 12,
    "Label": "deer_territories"
  },
  {
    "X": 11132,
    "Z": 2892,
    "ColorHex": "#FF00FF00",
    "Size": 12,
    "Label": "deer_territories"
  },
  {
    "X": 11336,
    "Z": 3164,
    "ColorHex": "#FF00FF00",
    "Size": 12,
    "Label": "deer_territories"
  },
  {
    "X": 10816,
    "Z": 2884,
    "ColorHex": "#FF00FF00",
    "Size": 12,
    "Label": "deer_territories"
  },
  {
    "X": 6168,
    "Z": 15300,
    "ColorHex": "#FF00FF00",
    "Size": 12,
    "Label": "deer_territories"
  },
  {
    "X": 7096,
    "Z": 14092,
    "ColorHex": "#FF00FF00",
    "Size": 12,
    "Label": "deer_territories"
  },
  {
    "X": 6504,
    "Z": 14136,
    "ColorHex": "#FF00FF00",
    "Size": 12,
    "Label": "deer_territories"
  },
  {
    "X": 5632,
    "Z": 13568,
    "ColorHex": "#FF00FF00",
    "Size": 12,
    "Label": "deer_territories"
  },
  {
    "X": 5036,
    "Z": 12656,
    "ColorHex": "#FF00FF00",
    "Size": 12,
    "Label": "deer_territories"
  },
  {
    "X": 4048,
    "Z": 13420,
    "ColorHex": "#FF00FF00",
    "Size": 12,
    "Label": "deer_territories"
  },
  {
    "X": 4480,
    "Z": 14152,
    "ColorHex": "#FF00FF00",
    "Size": 12,
    "Label": "deer_territories"
  },
  {
    "X": 3808,
    "Z": 14368,
    "ColorHex": "#FF00FF00",
    "Size": 12,
    "Label": "deer_territories"
  },
  {
    "X": 2704,
    "Z": 12732,
    "ColorHex": "#FF00FF00",
    "Size": 12,
    "Label": "deer_territories"
  },
  {
    "X": 2420,
    "Z": 10788,
    "ColorHex": "#FF00FF00",
    "Size": 12,
    "Label": "deer_territories"
  },
  {
    "X": 1348,
    "Z": 14992,
    "ColorHex": "#FF00FF00",
    "Size": 12,
    "Label": "deer_territories"
  },
  {
    "X": 2676,
    "Z": 14900,
    "ColorHex": "#FF00FF00",
    "Size": 12,
    "Label": "deer_territories"
  },
  {
    "X": 628,
    "Z": 11728,
    "ColorHex": "#FF00FF00",
    "Size": 12,
    "Label": "deer_territories"
  },
  {
    "X": 2045,
    "Z": 13792,
    "ColorHex": "#FF00FF00",
    "Size": 12,
    "Label": "deer_territories"
  },
  {
    "X": 3120,
    "Z": 14952,
    "ColorHex": "#FF00FF00",
    "Size": 12,
    "Label": "deer_territories"
  },
  {
    "X": 9464,
    "Z": 4728,
    "ColorHex": "#FF00FF00",
    "Size": 12,
    "Label": "deer_territories"
  },
  {
    "X": 9680,
    "Z": 4968,
    "ColorHex": "#FF00FF00",
    "Size": 12,
    "Label": "deer_territories"
  },
  {
    "X": 8224,
    "Z": 4280,
    "ColorHex": "#FF00FF00",
    "Size": 12,
    "Label": "deer_territories"
  },
  {
    "X": 10696,
    "Z": 6168,
    "ColorHex": "#FF00FF00",
    "Size": 12,
    "Label": "deer_territories"
  },
  {
    "X": 8792,
    "Z": 5320,
    "ColorHex": "#FF00FF00",
    "Size": 12,
    "Label": "deer_territories"
  },
  {
    "X": 12280,
    "Z": 5304,
    "ColorHex": "#FF00FF00",
    "Size": 12,
    "Label": "deer_territories"
  },
  {
    "X": 13464,
    "Z": 6480,
    "ColorHex": "#FF00FF00",
    "Size": 12,
    "Label": "deer_territories"
  },
  {
    "X": 14632,
    "Z": 5824,
    "ColorHex": "#FF00FF00",
    "Size": 12,
    "Label": "deer_territories"
  },
  {
    "X": 13152,
    "Z": 8064,
    "ColorHex": "#FF00FF00",
    "Size": 12,
    "Label": "deer_territories"
  },
  {
    "X": 13480,
    "Z": 5336,
    "ColorHex": "#FF00FF00",
    "Size": 12,
    "Label": "deer_territories"
  },
  {
    "X": 8232,
    "Z": 9032,
    "ColorHex": "#FF00FF00",
    "Size": 12,
    "Label": "deer_territories"
  },
  {
    "X": 6705,
    "Z": 9112,
    "ColorHex": "#FF00FF00",
    "Size": 12,
    "Label": "deer_territories"
  },
  {
    "X": 9624,
    "Z": 9944,
    "ColorHex": "#FF00FF00",
    "Size": 12,
    "Label": "deer_territories"
  },
  {
    "X": 7560,
    "Z": 9080,
    "ColorHex": "#FF00FF00",
    "Size": 12,
    "Label": "deer_territories"
  },
  {
    "X": 10896,
    "Z": 11544,
    "ColorHex": "#FF00FF00",
    "Size": 12,
    "Label": "deer_territories"
  },
  {
    "X": 5536,
    "Z": 2576,
    "ColorHex": "#FF00FF00",
    "Size": 12,
    "Label": "deer_territories"
  },
  {
    "X": 6320,
    "Z": 5304,
    "ColorHex": "#FF00FF00",
    "Size": 12,
    "Label": "deer_territories"
  },
  {
    "X": 3880,
    "Z": 3712,
    "ColorHex": "#FF00FF00",
    "Size": 12,
    "Label": "deer_territories"
  },
  {
    "X": 7216,
    "Z": 3248,
    "ColorHex": "#FF00FF00",
    "Size": 12,
    "Label": "deer_territories"
  },
  {
    "X": 6272,
    "Z": 1640,
    "ColorHex": "#FF00FF00",
    "Size": 12,
    "Label": "deer_territories"
  },
  {
    "X": 7608,
    "Z": 2504,
    "ColorHex": "#FF00FF00",
    "Size": 12,
    "Label": "deer_territories"
  },
  {
    "X": 9384,
    "Z": 3688,
    "ColorHex": "#FF00FF00",
    "Size": 12,
    "Label": "deer_territories"
  },
  {
    "X": 9776,
    "Z": 1152,
    "ColorHex": "#FF00FF00",
    "Size": 12,
    "Label": "deer_territories"
  },
  {
    "X": 7375,
    "Z": 7060,
    "ColorHex": "#FF00FF00",
    "Size": 12,
    "Label": "deer_territories"
  },
  {
    "X": 7863,
    "Z": 7555,
    "ColorHex": "#FF00FF00",
    "Size": 12,
    "Label": "deer_territories"
  },
  {
    "X": 8140,
    "Z": 7563,
    "ColorHex": "#FF00FF00",
    "Size": 12,
    "Label": "deer_territories"
  },
  {
    "X": 8197,
    "Z": 7776,
    "ColorHex": "#FF00FF00",
    "Size": 12,
    "Label": "deer_territories"
  },
  {
    "X": 6753,
    "Z": 13854,
    "ColorHex": "#FF00FF00",
    "Size": 12,
    "Label": "deer_territories"
  },
  {
    "X": 5779,
    "Z": 6059,
    "ColorHex": "#FF00FF00",
    "Size": 12,
    "Label": "deer_territories"
  },
  {
    "X": 5675,
    "Z": 2583,
    "ColorHex": "#FF00FF00",
    "Size": 12,
    "Label": "deer_territories"
  },
  {
    "X": 7128,
    "Z": 6494,
    "ColorHex": "#FF00FF00",
    "Size": 12,
    "Label": "deer_territories"
  },
  {
    "X": 5269.25,
    "Z": 7844.87,
    "ColorHex": "#FFFF00FF",
    "Size": 12,
    "Label": "pig_territories"
  },
  {
    "X": 5492.34,
    "Z": 8099.17,
    "ColorHex": "#FFFF00FF",
    "Size": 12,
    "Label": "pig_territories"
  },
  {
    "X": 5645.34,
    "Z": 7738.67,
    "ColorHex": "#FFFF00FF",
    "Size": 12,
    "Label": "pig_territories"
  },
  {
    "X": 5041.81,
    "Z": 7838.67,
    "ColorHex": "#FFFF00FF",
    "Size": 12,
    "Label": "pig_territories"
  },
  {
    "X": 5036.27,
    "Z": 8115.62,
    "ColorHex": "#FFFF00FF",
    "Size": 12,
    "Label": "pig_territories"
  },
  {
    "X": 10361.1,
    "Z": 5230.74,
    "ColorHex": "#FFFF00FF",
    "Size": 12,
    "Label": "pig_territories"
  },
  {
    "X": 10563.1,
    "Z": 4840.33,
    "ColorHex": "#FFFF00FF",
    "Size": 12,
    "Label": "pig_territories"
  },
  {
    "X": 10831,
    "Z": 4566.59,
    "ColorHex": "#FFFF00FF",
    "Size": 12,
    "Label": "pig_territories"
  },
  {
    "X": 10461.4,
    "Z": 5056.71,
    "ColorHex": "#FFFF00FF",
    "Size": 12,
    "Label": "pig_territories"
  },
  {
    "X": 10421.9,
    "Z": 4518.04,
    "ColorHex": "#FFFF00FF",
    "Size": 12,
    "Label": "pig_territories"
  },
  {
    "X": 10419.8,
    "Z": 5462.23,
    "ColorHex": "#FFFF00FF",
    "Size": 12,
    "Label": "pig_territories"
  },
  {
    "X": 9413.33,
    "Z": 8042.67,
    "ColorHex": "#FFFF00FF",
    "Size": 12,
    "Label": "pig_territories"
  },
  {
    "X": 9653.33,
    "Z": 7984,
    "ColorHex": "#FFFF00FF",
    "Size": 12,
    "Label": "pig_territories"
  },
  {
    "X": 9872,
    "Z": 7834.67,
    "ColorHex": "#FFFF00FF",
    "Size": 12,
    "Label": "pig_territories"
  },
  {
    "X": 9418.67,
    "Z": 7818.67,
    "ColorHex": "#FFFF00FF",
    "Size": 12,
    "Label": "pig_territories"
  },
  {
    "X": 8621.61,
    "Z": 5430.35,
    "ColorHex": "#FFFF00FF",
    "Size": 12,
    "Label": "pig_territories"
  },
  {
    "X": 8549.82,
    "Z": 5275.22,
    "ColorHex": "#FFFF00FF",
    "Size": 12,
    "Label": "pig_territories"
  },
  {
    "X": 8455.86,
    "Z": 5105.4,
    "ColorHex": "#FFFF00FF",
    "Size": 12,
    "Label": "pig_territories"
  },
  {
    "X": 8400.61,
    "Z": 5391.3,
    "ColorHex": "#FFFF00FF",
    "Size": 12,
    "Label": "pig_territories"
  },
  {
    "X": 8700.53,
    "Z": 5260.65,
    "ColorHex": "#FFFF00FF",
    "Size": 12,
    "Label": "pig_territories"
  },
  {
    "X": 8376.43,
    "Z": 5241.15,
    "ColorHex": "#FFFF00FF",
    "Size": 12,
    "Label": "pig_territories"
  },
  {
    "X": 8764.32,
    "Z": 8825.7,
    "ColorHex": "#FFFF00FF",
    "Size": 12,
    "Label": "pig_territories"
  },
  {
    "X": 9193.44,
    "Z": 9056.78,
    "ColorHex": "#FFFF00FF",
    "Size": 12,
    "Label": "pig_territories"
  },
  {
    "X": 8933.18,
    "Z": 9905.81,
    "ColorHex": "#FFFF00FF",
    "Size": 12,
    "Label": "pig_territories"
  },
  {
    "X": 8672.27,
    "Z": 8717.21,
    "ColorHex": "#FFFF00FF",
    "Size": 12,
    "Label": "pig_territories"
  },
  {
    "X": 9729.56,
    "Z": 9190.51,
    "ColorHex": "#FFFF00FF",
    "Size": 12,
    "Label": "pig_territories"
  },
  {
    "X": 7852.7,
    "Z": 9184.29,
    "ColorHex": "#FFFF00FF",
    "Size": 12,
    "Label": "pig_territories"
  },
  {
    "X": 11200,
    "Z": 15200,
    "ColorHex": "#FF00FFFF",
    "Size": 12,
    "Label": "reindeer_territories"
  },
  {
    "X": 9776,
    "Z": 15000,
    "ColorHex": "#FF00FFFF",
    "Size": 12,
    "Label": "reindeer_territories"
  },
  {
    "X": 7928,
    "Z": 12892,
    "ColorHex": "#FF00FFFF",
    "Size": 12,
    "Label": "reindeer_territories"
  },
  {
    "X": 15296,
    "Z": 10480,
    "ColorHex": "#FF00FFFF",
    "Size": 12,
    "Label": "reindeer_territories"
  },
  {
    "X": 4032,
    "Z": 13456,
    "ColorHex": "#FF00FFFF",
    "Size": 12,
    "Label": "reindeer_territories"
  },
  {
    "X": 4476,
    "Z": 14144,
    "ColorHex": "#FF00FFFF",
    "Size": 12,
    "Label": "reindeer_territories"
  }
]