{
  "m_Version": 24,
  "Enabled": 1,
  "FormationScale": -1,
  "DespawnTime": 120,
  "RespawnTime": 1200,
  "MinDistRadius": 200,
  "MaxDistRadius": 400,
  "DespawnRadius": 500,
  "AccuracyMin": -1,
  "AccuracyMax": -1,
  "ThreatDistanceLimit": -1,
  "NoiseInvestigationDistanceLimit": -1,
  "DamageMultiplier": -1,
  "DamageReceivedMultiplier": -1,
  "LoadBalancingCategories": {
    "Global": [
      {
        "MinPlayers": 0,
        "MaxPlayers": 255,
        "MaxPatrols": 99
      }
    ],
    "Base": [
      {
        "MinPlayers": 0,
        "MaxPlayers": 6,
        "MaxPatrols": 66
      },
      {
        "MinPlayers": 7,
        "MaxPlayers": 8,
        "MaxPatrols": 55
      },
      {
        "MinPlayers": 9,
        "MaxPlayers": 255,
        "MaxPatrols": 44
      }
    ],
    "BusyTown": [
      {
        "MinPlayers": 0,
        "MaxPlayers": 2,
        "MaxPatrols": 33
      },
      {
        "MinPlayers": 3,
        "MaxPlayers": 4,
        "MaxPatrols": 22
      },
      {
        "MinPlayers": 5,
        "MaxPlayers": 255,
        "MaxPatrols": 11
      }
    ],
    "InWild": [
      {
        "MinPlayers": 0,
        "MaxPlayers": 1,
        "MaxPatrols": 55
      },
      {
        "MinPlayers": 2,
        "MaxPlayers": 5,
        "MaxPatrols": 44
      },
      {
        "MinPlayers": 6,
        "MaxPlayers": 255,
        "MaxPatrols": 33
      }
    ],
    "Airdrop": [
      {
        "MinPlayers": 0,
        "MaxPlayers": 4,
        "MaxPatrols": 5
      },
      {
        "MinPlayers": 5,
        "MaxPlayers": 7,
        "MaxPatrols": 4
      },
      {
        "MinPlayers": 8,
        "MaxPlayers": 255,
        "MaxPatrols": 3
      }
    ],
    "Heavy": [
      {
        "MinPlayers": 0,
        "MaxPlayers": 1,
        "MaxPatrols": 44
      },
      {
        "MinPlayers": 2,
        "MaxPlayers": 3,
        "MaxPatrols": 33
      },
      {
        "MinPlayers": 4,
        "MaxPlayers": 255,
        "MaxPatrols": 22
      }
    ]
  },
  "ObjectPatrols": [
    {
      "Name": "AirDrop Medical",
      "Persist": 0,
      "Faction": "Birds",
      "Formation": "RANDOM",
      "FormationScale": -1,
      "FormationLooseness": 50,
      "Loadout": "LabRats",
      "Units": [],
      "NumberOfAI": -3,
      "Behaviour": "ROAMING",
      "LootingBehaviour": "ALL",
      "Speed": "JOG",
      "UnderThreatSpeed": "SPRINT",
      "CanBeLooted": 1,
      "UnlimitedReload": 0,
      "SniperProneDistanceThreshold": 33,
      "AccuracyMin": 0.5,
      "AccuracyMax": 0.7860000133514404,
      "ThreatDistanceLimit": 333,
      "NoiseInvestigationDistanceLimit": 444,
      "DamageMultiplier": 1.1180000305175781,
      "DamageReceivedMultiplier": 0.8859999775886536,
      "CanBeTriggeredByAI": 0,
      "MinDistRadius": 67,
      "MaxDistRadius": 444,
      "DespawnRadius": 555,
      "MinSpreadRadius": 20,
      "MaxSpreadRadius": 100,
      "Chance": 1,
      "WaypointInterpolation": "",
      "DespawnTime": 180,
      "RespawnTime": 900,
      "LoadBalancingCategory": "Airdrop",
      "ClassName": "ExpansionAirdropContainer_Medical"
    },
    {
      "Name": "AirDrop Base Building",
      "Persist": 0,
      "Faction": "Birds",
      "Formation": "RANDOM",
      "FormationScale": -1,
      "FormationLooseness": 50,
      "Loadout": "OD2",
      "Units": [],
      "NumberOfAI": -3,
      "Behaviour": "ROAMING",
      "LootingBehaviour": "UPGRADE",
      "Speed": "JOG",
      "UnderThreatSpeed": "SPRINT",
      "CanBeLooted": 1,
      "UnlimitedReload": 0,
      "SniperProneDistanceThreshold": 33,
      "AccuracyMin": 0.6179999709129333,
      "AccuracyMax": 0.8859999775886536,
      "ThreatDistanceLimit": 333,
      "NoiseInvestigationDistanceLimit": 444,
      "DamageMultiplier": 1.1180000305175781,
      "DamageReceivedMultiplier": 0.8859999775886536,
      "CanBeTriggeredByAI": 0,
      "MinDistRadius": 67,
      "MaxDistRadius": 444,
      "DespawnRadius": 555,
      "MinSpreadRadius": 20,
      "MaxSpreadRadius": 100,
      "Chance": 1,
      "WaypointInterpolation": "",
      "DespawnTime": 180,
      "RespawnTime": 900,
      "LoadBalancingCategory": "Airdrop",
      "ClassName": "ExpansionAirdropContainer_Basebuilding"
    }
  ],
  "Patrols": [
    {
      "Name": "APOCALYPSE ISLAND 1",
      "Persist": 0,
      "Faction": "Shamans",
      "Formation": "RANDOM",
      "FormationScale": -1,
      "FormationLooseness": 4,
      "Loadout": "SnakeSpawn",
      "Units": [],
      "NumberOfAI": -4,
      "Behaviour": "ALTERNATE",
      "LootingBehaviour": "ALL",
      "Speed": "WALK",
      "UnderThreatSpeed": "SPRINT",
      "CanBeLooted": 1,
      "UnlimitedReload": 0,
      "SniperProneDistanceThreshold": 999,
      "AccuracyMin": 0.5,
      "AccuracyMax": 0.7860000133514404,
      "ThreatDistanceLimit": 444,
      "NoiseInvestigationDistanceLimit": 555,
      "DamageMultiplier": 0.8859999775886536,
      "DamageReceivedMultiplier": 1,
      "CanBeTriggeredByAI": 0,
      "MinDistRadius": 111,
      "MaxDistRadius": 444,
      "DespawnRadius": 555,
      "MinSpreadRadius": 5,
      "MaxSpreadRadius": 20,
      "Chance": 0.42000000143051147,
      "WaypointInterpolation": "CatmullRom",
      "DespawnTime": 240,
      "RespawnTime": 1800,
      "LoadBalancingCategory": "Base",
      "UseRandomWaypointAsStartPoint": 1,
      "Waypoints": [
        [
          631,
          22.739299774169922,
          772
        ],
        [
          606.4290161132812,
          16.144800186157227,
          712.2509765625
        ],
        [
          614.7750244140625,
          14.123499870300293,
          574.9180297851562
        ],
        [
          414.7860107421875,
          16.771299362182617,
          997.0759887695312
        ],
        [
          222.25399780273438,
          28.015300750732422,
          963.7830200195312
        ],
        [
          279.0790100097656,
          23.374399185180664,
          636.6890258789062
        ],
        [
          283.27398681640625,
          16.026399612426758,
          543.1519775390625
        ],
        [
          319.8349914550781,
          17.46929931640625,
          472.6719970703125
        ],
        [
          348.1579895019531,
          15.7076997756958,
          597.7490234375
        ],
        [
          389.7850036621094,
          13.615900039672852,
          497.29901123046875
        ]
      ]
    },
    {
      "Name": "APOCALYPSE ISLAND 2",
      "Persist": 0,
      "Faction": "Shamans",
      "Formation": "RANDOM",
      "FormationScale": -1,
      "FormationLooseness": 0,
      "Loadout": "Snake",
      "Units": [],
      "NumberOfAI": -3,
      "Behaviour": "ALTERNATE",
      "LootingBehaviour": "DEFAULT",
      "Speed": "JOG",
      "UnderThreatSpeed": "SPRINT",
      "CanBeLooted": 1,
      "UnlimitedReload": 0,
      "SniperProneDistanceThreshold": 111,
      "AccuracyMin": 0.6179999709129333,
      "AccuracyMax": 0.8859999775886536,
      "ThreatDistanceLimit": 333,
      "NoiseInvestigationDistanceLimit": 444,
      "DamageMultiplier": 1,
      "DamageReceivedMultiplier": 0.8859999775886536,
      "CanBeTriggeredByAI": 0,
      "MinDistRadius": 111,
      "MaxDistRadius": 444,
      "DespawnRadius": 555,
      "MinSpreadRadius": 1,
      "MaxSpreadRadius": 15,
      "Chance": 0.42000000143051147,
      "WaypointInterpolation": "CatmullRom",
      "DespawnTime": 180,
      "RespawnTime": 900,
      "LoadBalancingCategory": "Base",
      "UseRandomWaypointAsStartPoint": 1,
      "Waypoints": [
        [
          631,
          22.739299774169922,
          772
        ],
        [
          606.4290161132812,
          16.144800186157227,
          712.2509765625
        ],
        [
          614.7750244140625,
          14.123499870300293,
          574.9180297851562
        ],
        [
          414.7860107421875,
          16.771299362182617,
          997.0759887695312
        ],
        [
          222.25399780273438,
          28.015300750732422,
          963.7830200195312
        ],
        [
          279.0790100097656,
          23.374399185180664,
          636.6890258789062
        ],
        [
          283.27398681640625,
          16.026399612426758,
          543.1519775390625
        ],
        [
          319.8349914550781,
          17.46929931640625,
          472.6719970703125
        ],
        [
          348.1579895019531,
          15.7076997756958,
          597.7490234375
        ],
        [
          389.7850036621094,
          13.615900039672852,
          497.29901123046875
        ]
      ]
    },
    {
      "Name": "APOCALYPSE ISLAND 3",
      "Persist": 0,
      "Faction": "Shamans",
      "Formation": "RANDOM",
      "FormationScale": -1,
      "FormationLooseness": 0,
      "Loadout": "Snake",
      "Units": [],
      "NumberOfAI": -3,
      "Behaviour": "ALTERNATE",
      "LootingBehaviour": "DEFAULT",
      "Speed": "JOG",
      "UnderThreatSpeed": "SPRINT",
      "CanBeLooted": 1,
      "UnlimitedReload": 0,
      "SniperProneDistanceThreshold": 111,
      "AccuracyMin": 0.6179999709129333,
      "AccuracyMax": 0.8859999775886536,
      "ThreatDistanceLimit": 333,
      "NoiseInvestigationDistanceLimit": 444,
      "DamageMultiplier": 1,
      "DamageReceivedMultiplier": 0.8859999775886536,
      "CanBeTriggeredByAI": 0,
      "MinDistRadius": 111,
      "MaxDistRadius": 444,
      "DespawnRadius": 555,
      "MinSpreadRadius": 1,
      "MaxSpreadRadius": 15,
      "Chance": 0.42000000143051147,
      "WaypointInterpolation": "CatmullRom",
      "DespawnTime": 180,
      "RespawnTime": 900,
      "LoadBalancingCategory": "Base",
      "UseRandomWaypointAsStartPoint": 1,
      "Waypoints": [
        [
          631,
          22.739299774169922,
          772
        ],
        [
          606.4290161132812,
          16.144800186157227,
          712.2509765625
        ],
        [
          614.7750244140625,
          14.123499870300293,
          574.9180297851562
        ],
        [
          414.7860107421875,
          16.771299362182617,
          997.0759887695312
        ],
        [
          222.25399780273438,
          28.015300750732422,
          963.7830200195312
        ],
        [
          279.0790100097656,
          23.374399185180664,
          636.6890258789062
        ],
        [
          283.27398681640625,
          16.026399612426758,
          543.1519775390625
        ],
        [
          319.8349914550781,
          17.46929931640625,
          472.6719970703125
        ],
        [
          348.1579895019531,
          15.7076997756958,
          597.7490234375
        ],
        [
          389.7850036621094,
          13.615900039672852,
          497.29901123046875
        ]
      ]
    },
    {
      "Name": "APOCALYPSE ISLAND 4",
      "Persist": 0,
      "Faction": "Shamans",
      "Formation": "RANDOM",
      "FormationScale": -1,
      "FormationLooseness": 4,
      "Loadout": "SnakeSpawn",
      "Units": [],
      "NumberOfAI": -4,
      "Behaviour": "ALTERNATE",
      "LootingBehaviour": "ALL",
      "Speed": "WALK",
      "UnderThreatSpeed": "SPRINT",
      "CanBeLooted": 1,
      "UnlimitedReload": 0,
      "SniperProneDistanceThreshold": 999,
      "AccuracyMin": 0.5,
      "AccuracyMax": 0.7860000133514404,
      "ThreatDistanceLimit": 444,
      "NoiseInvestigationDistanceLimit": 555,
      "DamageMultiplier": 0.8859999775886536,
      "DamageReceivedMultiplier": 1,
      "CanBeTriggeredByAI": 0,
      "MinDistRadius": 111,
      "MaxDistRadius": 444,
      "DespawnRadius": 555,
      "MinSpreadRadius": 5,
      "MaxSpreadRadius": 20,
      "Chance": 0.42000000143051147,
      "WaypointInterpolation": "CatmullRom",
      "DespawnTime": 240,
      "RespawnTime": 1800,
      "LoadBalancingCategory": "Base",
      "UseRandomWaypointAsStartPoint": 1,
      "Waypoints": [
        [
          631,
          22.739299774169922,
          772
        ],
        [
          606.4290161132812,
          16.144800186157227,
          712.2509765625
        ],
        [
          614.7750244140625,
          14.123499870300293,
          574.9180297851562
        ],
        [
          414.7860107421875,
          16.771299362182617,
          997.0759887695312
        ],
        [
          222.25399780273438,
          28.015300750732422,
          963.7830200195312
        ],
        [
          279.0790100097656,
          23.374399185180664,
          636.6890258789062
        ],
        [
          283.27398681640625,
          16.026399612426758,
          543.1519775390625
        ],
        [
          319.8349914550781,
          17.46929931640625,
          472.6719970703125
        ],
        [
          348.1579895019531,
          15.7076997756958,
          597.7490234375
        ],
        [
          389.7850036621094,
          13.615900039672852,
          497.29901123046875
        ]
      ]
    },
    {
      "Name": "APOCALYPSE ISLAND 5",
      "Persist": 0,
      "Faction": "Shamans",
      "Formation": "File",
      "FormationScale": -1,
      "FormationLooseness": 0,
      "Loadout": "CrusaderDark",
      "Units": [],
      "NumberOfAI": 2,
      "Behaviour": "ROAMING",
      "LootingBehaviour": "WEAPONS_MELEE",
      "Speed": "JOG",
      "UnderThreatSpeed": "SPRINT",
      "CanBeLooted": 1,
      "UnlimitedReload": 0,
      "SniperProneDistanceThreshold": 999,
      "AccuracyMin": 0.6179999709129333,
      "AccuracyMax": 0.7860000133514404,
      "ThreatDistanceLimit": 444,
      "NoiseInvestigationDistanceLimit": 555,
      "DamageMultiplier": 1.2359999418258667,
      "DamageReceivedMultiplier": 1,
      "CanBeTriggeredByAI": 0,
      "MinDistRadius": 17,
      "MaxDistRadius": 111,
      "DespawnRadius": 222,
      "MinSpreadRadius": 0,
      "MaxSpreadRadius": 1,
      "Chance": 0.20000000298023224,
      "WaypointInterpolation": "",
      "DespawnTime": 60,
      "RespawnTime": 900,
      "LoadBalancingCategory": "Base",
      "UseRandomWaypointAsStartPoint": 1,
      "Waypoints": [
        [
          631,
          22.739299774169922,
          772
        ],
        [
          606.4290161132812,
          16.144800186157227,
          712.2509765625
        ],
        [
          614.7750244140625,
          14.123499870300293,
          574.9180297851562
        ],
        [
          414.7860107421875,
          16.771299362182617,
          997.0759887695312
        ],
        [
          222.25399780273438,
          28.015300750732422,
          963.7830200195312
        ],
        [
          279.0790100097656,
          23.374399185180664,
          636.6890258789062
        ],
        [
          283.27398681640625,
          16.026399612426758,
          543.1519775390625
        ],
        [
          319.8349914550781,
          17.46929931640625,
          472.6719970703125
        ],
        [
          348.1579895019531,
          15.7076997756958,
          597.7490234375
        ],
        [
          389.7850036621094,
          13.615900039672852,
          497.29901123046875
        ]
      ]
    },
    {
      "Name": "APOCALYPSE ISLAND 6",
      "Persist": 0,
      "Faction": "Brawlers",
      "Formation": "RANDOM",
      "FormationScale": -1,
      "FormationLooseness": 0,
      "Loadout": "SnakeKnight",
      "Units": [],
      "NumberOfAI": -3,
      "Behaviour": "ALTERNATE",
      "LootingBehaviour": "DEFAULT",
      "Speed": "WALK",
      "UnderThreatSpeed": "RANDOM_NONSTATIC",
      "CanBeLooted": 1,
      "UnlimitedReload": 0,
      "SniperProneDistanceThreshold": 999,
      "AccuracyMin": 0.7229999899864197,
      "AccuracyMax": 0.8859999775886536,
      "ThreatDistanceLimit": 444,
      "NoiseInvestigationDistanceLimit": 555,
      "DamageMultiplier": 1.2359999418258667,
      "DamageReceivedMultiplier": 0.7860000133514404,
      "CanBeTriggeredByAI": 0,
      "MinDistRadius": 77,
      "MaxDistRadius": 222,
      "DespawnRadius": 277,
      "MinSpreadRadius": 0,
      "MaxSpreadRadius": 5,
      "Chance": 0.11800000071525574,
      "WaypointInterpolation": "",
      "DespawnTime": 60,
      "RespawnTime": 900,
      "LoadBalancingCategory": "Base",
      "UseRandomWaypointAsStartPoint": 1,
      "Waypoints": [
        [
          631,
          22.739299774169922,
          772
        ],
        [
          606.4290161132812,
          16.144800186157227,
          712.2509765625
        ],
        [
          614.7750244140625,
          14.123499870300293,
          574.9180297851562
        ],
        [
          414.7860107421875,
          16.771299362182617,
          997.0759887695312
        ],
        [
          222.25399780273438,
          28.015300750732422,
          963.7830200195312
        ],
        [
          279.0790100097656,
          23.374399185180664,
          636.6890258789062
        ],
        [
          283.27398681640625,
          16.026399612426758,
          543.1519775390625
        ],
        [
          319.8349914550781,
          17.46929931640625,
          472.6719970703125
        ],
        [
          348.1579895019531,
          15.7076997756958,
          597.7490234375
        ],
        [
          389.7850036621094,
          13.615900039672852,
          497.29901123046875
        ]
      ]
    },
    {
      "Name": "APOCALYPSE ISLAND 7",
      "Persist": 0,
      "Faction": "Shamans",
      "Formation": "RANDOM",
      "FormationScale": -1,
      "FormationLooseness": 0,
      "Loadout": "Snake",
      "Units": [],
      "NumberOfAI": -3,
      "Behaviour": "ALTERNATE",
      "LootingBehaviour": "DEFAULT",
      "Speed": "JOG",
      "UnderThreatSpeed": "SPRINT",
      "CanBeLooted": 1,
      "UnlimitedReload": 0,
      "SniperProneDistanceThreshold": 111,
      "AccuracyMin": 0.6179999709129333,
      "AccuracyMax": 0.8859999775886536,
      "ThreatDistanceLimit": 333,
      "NoiseInvestigationDistanceLimit": 444,
      "DamageMultiplier": 1,
      "DamageReceivedMultiplier": 0.8859999775886536,
      "CanBeTriggeredByAI": 0,
      "MinDistRadius": 111,
      "MaxDistRadius": 444,
      "DespawnRadius": 555,
      "MinSpreadRadius": 1,
      "MaxSpreadRadius": 15,
      "Chance": 0.42000000143051147,
      "WaypointInterpolation": "CatmullRom",
      "DespawnTime": 180,
      "RespawnTime": 900,
      "LoadBalancingCategory": "Base",
      "UseRandomWaypointAsStartPoint": 1,
      "Waypoints": [
        [
          631,
          22.739299774169922,
          772
        ],
        [
          606.4290161132812,
          16.144800186157227,
          712.2509765625
        ],
        [
          614.7750244140625,
          14.123499870300293,
          574.9180297851562
        ],
        [
          414.7860107421875,
          16.771299362182617,
          997.0759887695312
        ],
        [
          222.25399780273438,
          28.015300750732422,
          963.7830200195312
        ],
        [
          279.0790100097656,
          23.374399185180664,
          636.6890258789062
        ],
        [
          283.27398681640625,
          16.026399612426758,
          543.1519775390625
        ],
        [
          319.8349914550781,
          17.46929931640625,
          472.6719970703125
        ],
        [
          348.1579895019531,
          15.7076997756958,
          597.7490234375
        ],
        [
          389.7850036621094,
          13.615900039672852,
          497.29901123046875
        ]
      ]
    },
    {
      "Name": "APOCALYPSE ISLAND 8",
      "Persist": 0,
      "Faction": "Infected",
      "Formation": "RANDOM",
      "FormationScale": -1,
      "FormationLooseness": 0,
      "Loadout": "Mutated",
      "Units": [],
      "NumberOfAI": 1,
      "Behaviour": "ALTERNATE",
      "LootingBehaviour": "NONE",
      "Speed": "JOG",
      "UnderThreatSpeed": "SPRINT",
      "CanBeLooted": 1,
      "UnlimitedReload": 0,
      "SniperProneDistanceThreshold": 999,
      "AccuracyMin": 0.7229999899864197,
      "AccuracyMax": 0.8859999775886536,
      "ThreatDistanceLimit": 444,
      "NoiseInvestigationDistanceLimit": 555,
      "DamageMultiplier": 1,
      "DamageReceivedMultiplier": 1,
      "CanBeTriggeredByAI": 0,
      "MinDistRadius": 77,
      "MaxDistRadius": 222,
      "DespawnRadius": 277,
      "MinSpreadRadius": 0,
      "MaxSpreadRadius": 5,
      "Chance": 0.20000000298023224,
      "WaypointInterpolation": "",
      "DespawnTime": 180,
      "RespawnTime": 1800,
      "LoadBalancingCategory": "Base",
      "UseRandomWaypointAsStartPoint": 1,
      "Waypoints": [
        [
          631,
          22.739299774169922,
          772
        ],
        [
          606.4290161132812,
          16.144800186157227,
          712.2509765625
        ],
        [
          614.7750244140625,
          14.123499870300293,
          574.9180297851562
        ],
        [
          414.7860107421875,
          16.771299362182617,
          997.0759887695312
        ],
        [
          222.25399780273438,
          28.015300750732422,
          963.7830200195312
        ],
        [
          279.0790100097656,
          23.374399185180664,
          636.6890258789062
        ],
        [
          283.27398681640625,
          16.026399612426758,
          543.1519775390625
        ],
        [
          319.8349914550781,
          17.46929931640625,
          472.6719970703125
        ],
        [
          348.1579895019531,
          15.7076997756958,
          597.7490234375
        ],
        [
          389.7850036621094,
          13.615900039672852,
          497.29901123046875
        ]
      ]
    }
  ]
}