{
  "m_Version": 4,
  "CanBuildAnywhere": 1,
  "AllowBuildingWithoutATerritory": 1,
  "DeployableOutsideATerritory": [
    "FishNetTrap",
    "SmallFishTrap",
    "TripwireTrap"
  ],
  "DeployableInsideAEnemyTerritory": [
    "TripwireTrap"
  ],
  "CanCraftVanillaBasebuilding": 1,
  "CanCraftExpansionBasebuilding": 1,
  "DestroyFlagOnDismantle": 0,
  "DismantleOutsideTerritory": 1,
  "DismantleInsideTerritory": 1,
  "DismantleAnywhere": 1,
  "CodelockActionsAnywhere": 0,
  "CodeLockLength": 4,
  "DoDamageWhenEnterWrongCodeLock": 0,
  "DamageWhenEnterWrongCodeLock": 0,
  "RememberCode": 1,
  "CanCraftTerritoryFlagKit": 1,
  "SimpleTerritory": 0,
  "AutomaticFlagOnCreation": 1,
  "GetTerritoryFlagKitAfterBuild": 0,
  "BuildZoneRequiredCustomMessage": "Claim Territory First",
  "Zones": [
    {
      "Name": "Zoo Locale",
      "Center": [
        5389.88,
        66.4976,
        1566.16
      ],
      "Radius": 150,
      "Items": [],
      "IsWhitelist": 1,
      "CustomMessage": "Too Close to the Zoo"
    },
    {
      "Name": "Cops Locale",
      "Center": [
        2765.64,
        68.9139,
        4668.97
      ],
      "Radius": 150,
      "Items": [],
      "IsWhitelist": 1,
      "CustomMessage": "Too Close to the Cops"
    },
    {
      "Name": "Baron Falls",
      "Center": [
        7586.14,
        152.77,
        10092.76
      ],
      "Radius": 550,
      "Items": [],
      "IsWhitelist": 1,
      "CustomMessage": "Too Close to Baron Falls"
    }
  ],
  "ZonesAreNoBuildZones": 1,
  "CodelockAttachMode": 1,
  "DismantleFlagMode": 1,
  "FlagMenuMode": 1,
  "OverrideVanillaEntityPlacement": 1,
  "EnableVirtualStorage": 0,
  "VirtualStorageExcludedContainers": []
}