<?xml version="1.0" encoding="utf-8"?>
<eventposdef>
	<event name="StaticTruckCrash">
		<pos x="7457" y="34.3" z="3604" a="82" />
		<pos x="8770" y="10.6" z="4176" a="160" />
		<pos x="5250" y="4.88" z="9119" a="10" />
		<pos x="9518" y="24.6" z="7557" a="45" />
		<pos x="3006" y="22.45" z="3961" a="180" />
	</event>
	<event name="StaticChristmasTreeMilitary">
		<pos x="5470" z="4980" a="-1" />
	</event>
	<event name="StaticChristmasTree">
		<pos x="2860.48" z="15760.275" a="-1" />
	</event>
	<event name="ItemNodePowerPlant">
		<pos x="5005.44" z="7288.21" a="-1" />
		<pos x="4987.43" z="7286.95" a="-1" />
		<pos x="4981.26" z="7297.19" a="-1" />
		<pos x="4950.95" z="7259.55" a="-1" />
		<pos x="4933.88" z="7254.88" a="-1" />
		<pos x="4940.38" z="7242.15" a="-1" />
		<pos x="4929.55" z="7232.53" a="-1" />
		<pos x="4955.29" z="7220.22" a="-1" />
		<pos x="4946.39" z="7246.93" a="-1" />
		<pos x="4933.22" z="7260.2" a="-1" />	
	</event>	  
</eventposdef>