{
  "m_Version": 5,
  "EnableMap": 1,
  "UseMapOnMapItem": 1,
  "ShowPlayerPosition": 1,
  "ShowMapStats": 0,
  "NeedPenItemForCreateMarker": 0,
  "NeedGPSItemForCreateMarker": 0,
  "CanCreateMarker": 1,
  "CanCreate3DMarker": 1,
  "CanOpenMapWithKeyBinding": 1,
  "ShowDistanceOnPersonalMarkers": 1,
  "EnableHUDGPS": 1,
  "NeedGPSItemForKeyBinding": 1,
  "NeedMapItemForKeyBinding": 0,
  "EnableServerMarkers": 1,
  "ShowNameOnServerMarkers": 0,
  "ShowDistanceOnServerMarkers": 1,
  "ServerMarkers": [
    {
      "m_UID": "EAST",
      "m_Visibility": 4,
      "m_Is3D": 0,
      "m_Text": "DEER CLAN",
      "m_IconName": "Bow",
      "m_Color": -16776961,
      "m_Position": [
        12000.0,
        2.0,
        12000.0
      ],
      "m_Locked": 1,
      "m_Persist": 0
    },
    {
      "m_UID": "WEST",
      "m_Visibility": 4,
      "m_Is3D": 0,
      "m_Text": "WOLF CLAN",
      "m_IconName": "Claw",
      "m_Color": -16745216,
      "m_Position": [
        5000.0,
        3.0,
        5000.0
      ],
      "m_Locked": 1,
      "m_Persist": 0
    },
    {
      "m_UID": "WEST",
      "m_Visibility": 4,
      "m_Is3D": 0,
      "m_Text": "WOLF CLAN",
      "m_IconName": "Claw",
      "m_Color": -16745216,
      "m_Position": [
        1000.0,
        3.0,
        1000.0
      ],
      "m_Locked": 1,
      "m_Persist": 0
    },
    {
      "m_UID": "WEST",
      "m_Visibility": 4,
      "m_Is3D": 0,
      "m_Text": "WOLF CLAN",
      "m_IconName": "Claw",
      "m_Color": -16745216,
      "m_Position": [
        0,
        0,
        0
      ],
      "m_Locked": 1,
      "m_Persist": 0
    }
  ],
  "EnableHUDCompass": 1,
  "NeedCompassItemForHUDCompass": 1,
  "NeedGPSItemForHUDCompass": 0,
  "CompassColor": -1,
  "CreateDeathMarker": 1,
  "PlayerLocationNotifier": 1,
  "CompassBadgesColor": -1946157056
}