{
  "m_Version": 7,
  "SpawnLocations": [
    {
      "Name": "Shore of Archipelago",
      "Positions": [
        [
          2927.85,
          2.95075,
          13439.2
        ],
        [
          3143.08,
          2.40701,
          13489.1
        ],
        [
          3091.43,
          1.72504,
          13403.5
        ],
        [
          3170.61,
          2.23257,
          13443.3
        ]
      ],
      "UseCooldown": 0
    },
    {
      "Name": "Shore of Portland",
      "Positions": [
        [
          6401.18,
          1.7717,
          15259.3
        ],
        [
          6640.43,
          1.85174,
          14967.9
        ],
        [
          6811.86,
          3.45484,
          14610.5
        ],
        [
          5929.17,
          1.92305,
          15545.7
        ],
        [
          5560.42,
          2.90393,
          15381.3
        ]
      ],
      "UseCooldown": 1
    },
    {
      "Name": "Shore of Bayville",
      "Positions": [
        [
          10443.9,
          3.93979,
          12355.6
        ],
        [
          10473,
          2.8793,
          12230.7
        ],
        [
          10550.6,
          1.67909,
          12051.1
        ],
        [
          10656.7,
          1.41877,
          11978.3
        ]
      ],
      "UseCooldown": 1
    }
  ],
  "StartingClothing": {
    "EnableCustomClothing": 1,
    "SetRandomHealth": 1,
    "Headgear": [],
    "Glasses": [],
    "Masks": [],
    "Tops": [
      "PrisonUniformJacket"
    ],
    "Vests": [],
    "Gloves": [],
    "Pants": [
      "PrisonUniformPants"
    ],
    "Belts": [],
    "Shoes": [
      "AthleticShoes_Blue",
      "AthleticShoes_Grey",
      "AthleticShoes_Brown",
      "AthleticShoes_Green",
      "AthleticShoes_Black"
    ],
    "Armbands": [],
    "Backpacks": []
  },
  "EnableSpawnSelection": 1,
  "SpawnOnTerritory": 1,
  "StartingGear": {
    "EnableStartingGear": 1,
    "ApplyEnergySources": 0,
    "SetRandomHealth": 0,
    "UpperGear": [
      {
        "ClassName": "Rag",
        "Quantity": 6,
        "Attachments": []
      },
      {
        "ClassName": "PeachesCan",
        "Quantity": 1,
        "Attachments": []
      },
      {
        "ClassName": "HuntingKnife",
        "Quantity": 1,
        "Attachments": []
      },
      {
        "ClassName": "Chemlight_Green",
        "Quantity": 1,
        "Attachments": []
      }
    ],
    "PantsGear": [
      {
        "ClassName": "Matchbox",
        "Quantity": 1,
        "Attachments": []
      },
      {
        "ClassName": "TunaCan",
        "Quantity": 1,
        "Attachments": []
      }
    ],
    "BackpackGear": [],
    "VestGear": [],
    "PrimaryWeapon": {},
    "SecondaryWeapon": {}
  },
  "UseLoadouts": 0,
  "MaleLoadouts": [],
  "FemaleLoadouts": [],
  "SpawnHealthValue": 100,
  "SpawnEnergyValue": 500,
  "SpawnWaterValue": 500,
  "EnableRespawnCooldowns": 1,
  "RespawnCooldown": 1200,
  "TerritoryRespawnCooldown": 1200,
  "PunishMultispawn": 1,
  "PunishCooldown": 600,
  "PunishTimeframe": 300,
  "CreateDeathMarker": 1,
  "BackgroundImagePath": "ApocalypseIsle/data/AI_LOGO_BLACK2.edds"
}