[
  {
    "name": "PATCHY FOG",
    "transition_min": 1,
    "transition_max": 2,
    "duration_min": 3,
    "duration_max": 16,
    "overcast_min": 0.236,
    "overcast_max": 0.618,
    "fog_min": 0.236,
    "fog_max": 1,
    "wind_min": 0,
    "wind_max": 0.386,
    "rain_min": 0,
    "rain_max": 0,
    "storm": 0,
    "thunder_timeout": 0
  },
  {
    "name": "ROLLING CLOUDS",
    "transition_min": 2,
    "transition_max": 4,
    "duration_min": 16,
    "duration_max": 28,
    "overcast_min": 0.236,
    "overcast_max": 0.5,
    "fog_min": 0,
    "fog_max": 0,
    "wind_min": 0,
    "wind_max": 0.386,
    "rain_min": 0,
    "rain_max": 0,
    "storm": 0,
    "thunder_timeout": 0
  },
  {
    "name": "CLEAR SKIES",
    "transition_min": 2,
    "transition_max": 4,
    "duration_min": 15,
    "duration_max": 45,
    "overcast_min": 0,
    "overcast_max": 0,
    "fog_min": 0,
    "fog_max": 0,
    "wind_min": 0,
    "wind_max": 0,
    "rain_min": 0,
    "rain_max": 0,
    "storm": 0,
    "thunder_timeout": 0
  },
  {
    "name": "CLEAR SKIES",
    "transition_min": 3,
    "transition_max": 6,
    "duration_min": 9,
    "duration_max": 15,
    "overcast_min": 0,
    "overcast_max": 0,
    "fog_min": 0,
    "fog_max": 0,
    "wind_min": 0,
    "wind_max": 0,
    "rain_min": 0,
    "rain_max": 0,
    "storm": 0,
    "thunder_timeout": 0
  },
  {
    "name": "CLEAR SKIES",
    "transition_min": 5,
    "transition_max": 6,
    "duration_min": 6,
    "duration_max": 7,
    "overcast_min": 0,
    "overcast_max": 0,
    "fog_min": 0,
    "fog_max": 0,
    "wind_min": 0,
    "wind_max": 0,
    "rain_min": 0,
    "rain_max": 0,
    "storm": 0,
    "thunder_timeout": 0
  },
  {
    "name": "CLEAR SKIES",
    "transition_min": 2,
    "transition_max": 4,
    "duration_min": 5,
    "duration_max": 8,
    "overcast_min": 0,
    "overcast_max": 0,
    "fog_min": 0,
    "fog_max": 0,
    "wind_min": 0,
    "wind_max": 0,
    "rain_min": 0,
    "rain_max": 0,
    "storm": 0,
    "thunder_timeout": 0
  },
  {
    "name": "SCATTERED SHOWERS",
    "transition_min": 2,
    "transition_max": 4,
    "duration_min": 6,
    "duration_max": 18,
    "overcast_min": 0.5,
    "overcast_max": 0.618,
    "fog_min": 0,
    "fog_max": 0.118,
    "wind_min": 0,
    "wind_max": 0.618,
    "rain_min": 0,
    "rain_max": 0.05,
    "storm": 0,
    "thunder_timeout": 0
  },
  {
    "name": "SCATTERED STORMS",
    "transition_min": 2,
    "transition_max": 4,
    "duration_min": 4,
    "duration_max": 8,
    "overcast_min": 0.618,
    "overcast_max": 0.886,
    "fog_min": 0,
    "fog_max": 0,
    "wind_min": 0,
    "wind_max": 0.236,
    "rain_min": 0.118,
    "rain_max": 0.618,
    "storm": 1,
    "thunder_timeout": 120
  },
  {
    "name": "SHOWERS",
    "transition_min": 2,
    "transition_max": 3,
    "duration_min": 3,
    "duration_max": 8,
    "overcast_min": 0.786,
    "overcast_max": 1,
    "fog_min": 0,
    "fog_max": 0,
    "wind_min": 0,
    "wind_max": 0.236,
    "rain_min": 0.618,
    "rain_max": 0.786,
    "storm": 0,
    "thunder_timeout": 0
  },
  {
    "name": "CALM",
    "transition_min": 4,
    "transition_max": 6,
    "duration_min": 60,
    "duration_max": 120,
    "overcast_min": 0,
    "overcast_max": 0.236,
    "fog_min": 0,
    "fog_max": 0.118,
    "wind_min": 0,
    "wind_max": 0,
    "rain_min": 0,
    "rain_max": 0,
    "storm": 0,
    "thunder_timeout": 0
  },
  {
    "name": "HIGH PRESSURE",
    "transition_min": 3,
    "transition_max": 6,
    "duration_min": 15,
    "duration_max": 90,
    "overcast_min": 0,
    "overcast_max": 0,
    "fog_min": 0,
    "fog_max": 0,
    "wind_min": 0.236,
    "wind_max": 0.786,
    "rain_min": 0,
    "rain_max": 0,
    "storm": 0,
    "thunder_timeout": 0
  },
  {
    "name": "LOW PRESSURE",
    "transition_min": 5,
    "transition_max": 10,
    "duration_min": 11,
    "duration_max": 33,
    "overcast_min": 0.618,
    "overcast_max": 1,
    "fog_min": 0,
    "fog_max": 0.236,
    "wind_min": 0,
    "wind_max": 0.786,
    "rain_min": 0,
    "rain_max": 0.236,
    "storm": 0,
    "thunder_timeout": 0
  },
  {
    "name": "BEAUTIFUL",
    "transition_min": 4,
    "transition_max": 7,
    "duration_min": 45,
    "duration_max": 120,
    "overcast_min": 0,
    "overcast_max": 0,
    "fog_min": 0,
    "fog_max": 0,
    "wind_min": 0,
    "wind_max": 0,
    "rain_min": 0,
    "rain_max": 0,
    "storm": 0,
    "thunder_timeout": 0
  },
  {
    "name": "BEAUTIFUL STRETCH",
    "transition_min": 4,
    "transition_max": 7,
    "duration_min": 90,
    "duration_max": 240,
    "overcast_min": 0,
    "overcast_max": 0,
    "fog_min": 0,
    "fog_max": 0,
    "wind_min": 0,
    "wind_max": 0,
    "rain_min": 0,
    "rain_max": 0,
    "storm": 0,
    "thunder_timeout": 0
  },
  {
    "name": "BREEZY",
    "transition_min": 3,
    "transition_max": 6,
    "duration_min": 30,
    "duration_max": 60,
    "overcast_min": 0,
    "overcast_max": 0.118,
    "fog_min": 0,
    "fog_max": 0,
    "wind_min": 0.118,
    "wind_max": 0.386,
    "rain_min": 0,
    "rain_max": 0,
    "storm": 0,
    "thunder_timeout": 0
  },
  {
    "name": "HAZE",
    "transition_min": 2,
    "transition_max": 7,
    "duration_min": 45,
    "duration_max": 75,
    "overcast_min": 0,
    "overcast_max": 0.118,
    "fog_min": 0.118,
    "fog_max": 0.236,
    "wind_min": 0,
    "wind_max": 0,
    "rain_min": 0,
    "rain_max": 0,
    "storm": 0,
    "thunder_timeout": 0
  },
  {
    "name": "ERIE FOG",
    "transition_min": 2,
    "transition_max": 3,
    "duration_min": 5,
    "duration_max": 11,
    "overcast_min": 0.786,
    "overcast_max": 1,
    "fog_min": 0.618,
    "fog_max": 0.886,
    "wind_min": 0,
    "wind_max": 0,
    "rain_min": 0,
    "rain_max": 0,
    "storm": 0,
    "thunder_timeout": 0
  },
  {
    "name": "WINDY",
    "transition_min": 4,
    "transition_max": 6,
    "duration_min": 30,
    "duration_max": 60,
    "overcast_min": 0,
    "overcast_max": 0.618,
    "fog_min": 0,
    "fog_max": 0.118,
    "wind_min": 0.386,
    "wind_max": 0.786,
    "rain_min": 0,
    "rain_max": 0,
    "storm": 0,
    "thunder_timeout": 0
  },
  {
    "name": "LIGHT RAIN",
    "transition_min": 1,
    "transition_max": 5,
    "duration_min": 5,
    "duration_max": 10,
    "overcast_min": 0.618,
    "overcast_max": 1,
    "fog_min": 0,
    "fog_max": 0.386,
    "wind_min": 0,
    "wind_max": 0,
    "rain_min": 0.118,
    "rain_max": 0.386,
    "storm": 0,
    "thunder_timeout": 0
  },
  {
    "name": "RAINY",
    "transition_min": 1,
    "transition_max": 5,
    "duration_min": 5,
    "duration_max": 15,
    "overcast_min": 0.786,
    "overcast_max": 1,
    "fog_min": 0,
    "fog_max": 0.5,
    "wind_min": 0,
    "wind_max": 0.618,
    "rain_min": 0.5,
    "rain_max": 1,
    "storm": 0,
    "thunder_timeout": 0
  },
  {
    "name": "DENSE FOG",
    "transition_min": 5,
    "transition_max": 10,
    "duration_min": 30,
    "duration_max": 75,
    "overcast_min": 0.236,
    "overcast_max": 1,
    "fog_min": 0.786,
    "fog_max": 1,
    "wind_min": 0,
    "wind_max": 0,
    "rain_min": 0,
    "rain_max": 0,
    "storm": 0,
    "thunder_timeout": 0
  },
  {
    "name": "CLEAR SKIES",
    "transition_min": 4,
    "transition_max": 7,
    "duration_min": 30,
    "duration_max": 90,
    "overcast_min": 0,
    "overcast_max": 0,
    "fog_min": 0,
    "fog_max": 0,
    "wind_min": 0.118,
    "wind_max": 0.236,
    "rain_min": 0,
    "rain_max": 0,
    "storm": 0,
    "thunder_timeout": 0
  },
  {
    "name": "GALE WARNING",
    "transition_min": 4,
    "transition_max": 8,
    "duration_min": 10,
    "duration_max": 20,
    "overcast_min": 0.236,
    "overcast_max": 0.5,
    "fog_min": 0,
    "fog_max": 0,
    "wind_min": 0.786,
    "wind_max": 1,
    "rain_min": 0,
    "rain_max": 0,
    "storm": 0,
    "thunder_timeout": 0
  },
  {
    "name": "GUSTY WINDS",
    "transition_min": 4,
    "transition_max": 8,
    "duration_min": 10,
    "duration_max": 20,
    "overcast_min": 0.118,
    "overcast_max": 0.236,
    "fog_min": 0,
    "fog_max": 0,
    "wind_min": 0.5,
    "wind_max": 0.886,
    "rain_min": 0,
    "rain_max": 0,
    "storm": 0,
    "thunder_timeout": 0
  },
  {
    "name": "FOGGY",
    "transition_min": 5,
    "transition_max": 8,
    "duration_min": 15,
    "duration_max": 30,
    "overcast_min": 0.118,
    "overcast_max": 0.386,
    "fog_min": 0.386,
    "fog_max": 0.618,
    "wind_min": 0,
    "wind_max": 0,
    "rain_min": 0,
    "rain_max": 0,
    "storm": 0,
    "thunder_timeout": 0
  },
  {
    "name": "PARTLY CLOUDY",
    "transition_min": 3,
    "transition_max": 6,
    "duration_min": 30,
    "duration_max": 90,
    "overcast_min": 0.236,
    "overcast_max": 0.5,
    "fog_min": 0,
    "fog_max": 0.118,
    "wind_min": 0,
    "wind_max": 0.236,
    "rain_min": 0,
    "rain_max": 0,
    "storm": 0,
    "thunder_timeout": 0
  },
  {
    "name": "CLOUDY",
    "transition_min": 3,
    "transition_max": 6,
    "duration_min": 30,
    "duration_max": 75,
    "overcast_min": 0.5,
    "overcast_max": 0.786,
    "fog_min": 0,
    "fog_max": 0.236,
    "wind_min": 0,
    "wind_max": 0.386,
    "rain_min": 0,
    "rain_max": 0,
    "storm": 0,
    "thunder_timeout": 0
  },
  {
    "name": "VERY CLOUDY",
    "transition_min": 3,
    "transition_max": 6,
    "duration_min": 6,
    "duration_max": 15,
    "overcast_min": 0.886,
    "overcast_max": 1,
    "fog_min": 0,
    "fog_max": 0.236,
    "wind_min": 0,
    "wind_max": 0.5,
    "rain_min": 0,
    "rain_max": 0,
    "storm": 0,
    "thunder_timeout": 0
  },
  {
    "name": "FAIR SKIES",
    "transition_min": 3,
    "transition_max": 6,
    "duration_min": 60,
    "duration_max": 120,
    "overcast_min": 0.118,
    "overcast_max": 0.386,
    "fog_min": 0,
    "fog_max": 0.118,
    "wind_min": 0,
    "wind_max": 0.236,
    "rain_min": 0,
    "rain_max": 0,
    "storm": 0,
    "thunder_timeout": 0
  },
  {
    "name": "FAIR SKIES",
    "transition_min": 3,
    "transition_max": 6,
    "duration_min": 90,
    "duration_max": 120,
    "overcast_min": 0.118,
    "overcast_max": 0.236,
    "fog_min": 0,
    "fog_max": 0.118,
    "wind_min": 0.118,
    "wind_max": 0.386,
    "rain_min": 0,
    "rain_max": 0,
    "storm": 0,
    "thunder_timeout": 0
  },
  {
    "name": "FAIR SKIES",
    "transition_min": 3,
    "transition_max": 6,
    "duration_min": 60,
    "duration_max": 150,
    "overcast_min": 0.118,
    "overcast_max": 0.386,
    "fog_min": 0,
    "fog_max": 0.118,
    "wind_min": 0.118,
    "wind_max": 0.236,
    "rain_min": 0,
    "rain_max": 0,
    "storm": 0,
    "thunder_timeout": 0
  },
  {
    "name": "PARTLY SUNNY",
    "transition_min": 3,
    "transition_max": 6,
    "duration_min": 90,
    "duration_max": 120,
    "overcast_min": 0.118,
    "overcast_max": 0.236,
    "fog_min": 0,
    "fog_max": 0.118,
    "wind_min": 0,
    "wind_max": 0.236,
    "rain_min": 0,
    "rain_max": 0,
    "storm": 0,
    "thunder_timeout": 0
  },
  {
    "name": "DRIZZLE",
    "transition_min": 1,
    "transition_max": 2,
    "duration_min": 2,
    "duration_max": 6,
    "overcast_min": 0.618,
    "overcast_max": 0.882,
    "fog_min": 0,
    "fog_max": 0.236,
    "wind_min": 0,
    "wind_max": 0.236,
    "rain_min": 0.118,
    "rain_max": 0.236,
    "storm": 0,
    "thunder_timeout": 0
  },
  {
    "name": "STORM WARNING",
    "transition_min": 2,
    "transition_max": 4,
    "duration_min": 5,
    "duration_max": 10,
    "overcast_min": 0.5,
    "overcast_max": 1,
    "fog_min": 0,
    "fog_max": 0.386,
    "wind_min": 0,
    "wind_max": 0.618,
    "rain_min": 0,
    "rain_max": 0,
    "storm": 1,
    "thunder_timeout": 48
  },
  {
    "name": "STORM WARNING",
    "transition_min": 2,
    "transition_max": 5,
    "duration_min": 5,
    "duration_max": 20,
    "overcast_min": 0.786,
    "overcast_max": 1,
    "fog_min": 0,
    "fog_max": 0.236,
    "wind_min": 0.386,
    "wind_max": 0.618,
    "rain_min": 0.786,
    "rain_max": 1,
    "storm": 1,
    "thunder_timeout": 12
  },
  {
    "name": "EXTREME WEATHER",
    "transition_min": 2,
    "transition_max": 3,
    "duration_min": 3,
    "duration_max": 15,
    "overcast_min": 0.786,
    "overcast_max": 1,
    "fog_min": 0,
    "fog_max": 0.5,
    "wind_min": 0.5,
    "wind_max": 1,
    "rain_min": 1,
    "rain_max": 1,
    "storm": 1,
    "thunder_timeout": 8
  }
]