{
  "m_Version": 6,
  "m_DisplayName": "MEDIC TRADER",
  "Position": [
    2153,
    3.2175,
    1676
  ],
  "Radius": 10,
  "BuyPricePercent": 100,
  "SellPricePercent": 20,
  "Stock": {
    "charcoaltablets": 11,
    "ChelatingTablets": 20,
    "bandagedressing": 13,
    "disinfectantalcohol": 2,
    "purificationtablets": 2,
    "bloodtestkit": 0,
    "thermometer": 0,
    "vitaminbottle": 10,
    "disinfectantspray": 14,
    "tetracyclineantibiotics": 32,
    "painkillertablets": 8,
    "startkitiv": 5,
    "heatpack": 57,
    "salinebag": 26,
    "bloodbagempty": 16,
    "epinephrine": 2,
    "morphine": 1,
    "iodinetincture": 0,
    "anticheminjector": 0
  }
}