{
    "charcoaltablets": 20,
    "chelatingtablets": 10,
    "bandagedressing": 100,
    "disinfectantalcohol": 20,
    "purificationtablets": 20,
    "bloodtestkit": 33,
    "thermometer": 10,
    "vitaminbottle": 33,
    "disinfectantspray": 10,
    "tetracyclineantibiotics": 50,
    "painkillertablets": 10,
    "startkitiv": 33,
    "heatpack": 50,
    "salinebag": 33,
    "bloodbagempty": 20,
    "epinephrine": 33,
    "morphine": 33,
    "iodinetincture": 33,
    "anticheminjector": 10
}
