﻿{
    "charcoaltablets": 20,
    "chelatingtablets": 20,
    "bandagedressing": 50,
    "disinfectantalcohol": 20,
    "purificationtablets": 20,
    "bloodtestkit": 20,
    "thermometer": 10,
    "vitaminbottle": 20,
    "disinfectantspray": 10,
    "tetracyclineantibiotics": 50,
    "painkillertablets": 10,
    "startkitiv": 50,
    "heatpack": 50,
    "salinebag": 50,
    "bloodbagempty": 20,
    "epinephrine": 20,
    "morphine": 20,
    "iodinetincture": 10,
    "anticheminjector": 5
}
