[
    {
        "name": "CLEAR",
        "duration_min": 30.0,
        "duration_max": 45.0,
        "overcast_min": 0.0,
        "overcast_max": 0.25,
        "fog_min": 0.0,
        "fog_max": 0.0,
        "wind_min": 0.1,
        "wind_max": 0.2,
        "rain_min": 0.0,
        "rain_max": 0.0,
        "storm": 0,
        "thunder_timeout": 0.0
    },
    {
        "name": "WINDY",
        "duration_min": 10.0,
        "duration_max": 15.0,
        "overcast_min": 0.25,
        "overcast_max": 0.35,
        "fog_min": 0.0,
        "fog_max": 0.05,
        "wind_min": 0.8,
        "wind_max": 1.0,
        "rain_min": 0.0,
        "rain_max": 0.0,
        "storm": 0,
        "thunder_timeout": 0.0
    },
    {
        "name": "FOGGY",
        "duration_min": 10.0,
        "duration_max": 20.0,
        "overcast_min": 0.1,
        "overcast_max": 0.2,
        "fog_min": 0.3,
        "fog_max": 0.4,
        "wind_min": 0.1,
        "wind_max": 0.2,
        "rain_min": 0.0,
        "rain_max": 0.0,
        "storm": 0,
        "thunder_timeout": 0.0
    },
    {
        "name": "CLOUDY",
        "duration_min": 20.0,
        "duration_max": 30.0,
        "overcast_min": 0.5,
        "overcast_max": 0.65,
        "fog_min": 0.02,
        "fog_max": 0.05,
        "wind_min": 0.3,
        "wind_max": 0.4,
        "rain_min": 0.0,
        "rain_max": 0.0,
        "storm": 0,
        "thunder_timeout": 0.0
    },
    {
        "name": "VERY_CLOUDY",
        "duration_min": 15.0,
        "duration_max": 25.0,
        "overcast_min": 0.75,
        "overcast_max": 0.9,
        "fog_min": 0.05,
        "fog_max": 0.1,
        "wind_min": 0.4,
        "wind_max": 0.5,
        "rain_min": 0.0,
        "rain_max": 0.0,
        "storm": 0,
        "thunder_timeout": 0.0
    },
    {
        "name": "STORM",
        "duration_min": 10.0,
        "duration_max": 15.0,
        "overcast_min": 0.75,
        "overcast_max": 0.9,
        "fog_min": 0.1,
        "fog_max": 0.2,
        "wind_min": 0.4,
        "wind_max": 0.6,
        "rain_min": 1.0,
        "rain_max": 1.0,
        "storm": 1,
        "thunder_timeout": 12.0
    }
]